0;Etan Hardi Leyn;devops0@test.com
1;Etan Hardi Uolton;devops1@test.com
2;Etan Hardi Sheferd;devops2@test.com
3;Etan Hardi Dzhonston;devops3@test.com
4;Etan Hardi Ford;devops4@test.com
5;Etan Hardi Dzheyms;devops5@test.com
6;Etan Hardi Pol;devops6@test.com
7;Etan Hardi Pirson;devops7@test.com
8;Etan Hardi Uoker;devops8@test.com
9;Etan Hardi Miller;devops9@test.com
10;Etan Smit Leyn;devops10@test.com
11;Etan Smit Uolton;devops11@test.com
12;Etan Smit Sheferd;devops12@test.com
13;Etan Smit Dzhonston;devops13@test.com
14;Etan Smit Ford;devops14@test.com
15;Etan Smit Dzheyms;devops15@test.com
16;Etan Smit Pol;devops16@test.com
17;Etan Smit Pirson;devops17@test.com
18;Etan Smit Uoker;devops18@test.com
19;Etan Smit Miller;devops19@test.com
20;Etan Hadson Leyn;devops20@test.com
21;Etan Hadson Uolton;devops21@test.com
22;Etan Hadson Sheferd;devops22@test.com
23;Etan Hadson Dzhonston;devops23@test.com
24;Etan Hadson Ford;devops24@test.com
25;Etan Hadson Dzheyms;devops25@test.com
26;Etan Hadson Pol;devops26@test.com
27;Etan Hadson Pirson;devops27@test.com
28;Etan Hadson Uoker;devops28@test.com
29;Etan Hadson Miller;devops29@test.com
30;Etan Hovard Leyn;devops30@test.com
31;Etan Hovard Uolton;devops31@test.com
32;Etan Hovard Sheferd;devops32@test.com
33;Etan Hovard Dzhonston;devops33@test.com
34;Etan Hovard Ford;devops34@test.com
35;Etan Hovard Dzheyms;devops35@test.com
36;Etan Hovard Pol;devops36@test.com
37;Etan Hovard Pirson;devops37@test.com
38;Etan Hovard Uoker;devops38@test.com
39;Etan Hovard Miller;devops39@test.com
40;Etan Kempbell Leyn;devops40@test.com
41;Etan Kempbell Uolton;devops41@test.com
42;Etan Kempbell Sheferd;devops42@test.com
43;Etan Kempbell Dzhonston;devops43@test.com
44;Etan Kempbell Ford;devops44@test.com
45;Etan Kempbell Dzheyms;devops45@test.com
46;Etan Kempbell Pol;devops46@test.com
47;Etan Kempbell Pirson;devops47@test.com
48;Etan Kempbell Uoker;devops48@test.com
49;Etan Kempbell Miller;devops49@test.com
50;Etan Huver Leyn;devops50@test.com
51;Etan Huver Uolton;devops51@test.com
52;Etan Huver Sheferd;devops52@test.com
53;Etan Huver Dzhonston;devops53@test.com
54;Etan Huver Ford;devops54@test.com
55;Etan Huver Dzheyms;devops55@test.com
56;Etan Huver Pol;devops56@test.com
57;Etan Huver Pirson;devops57@test.com
58;Etan Huver Uoker;devops58@test.com
59;Etan Huver Miller;devops59@test.com
60;Etan Patrik Leyn;devops60@test.com
61;Etan Patrik Uolton;devops61@test.com
62;Etan Patrik Sheferd;devops62@test.com
63;Etan Patrik Dzhonston;devops63@test.com
64;Etan Patrik Ford;devops64@test.com
65;Etan Patrik Dzheyms;devops65@test.com
66;Etan Patrik Pol;devops66@test.com
67;Etan Patrik Pirson;devops67@test.com
68;Etan Patrik Uoker;devops68@test.com
69;Etan Patrik Miller;devops69@test.com
70;Etan Hanter Leyn;devops70@test.com
71;Etan Hanter Uolton;devops71@test.com
72;Etan Hanter Sheferd;devops72@test.com
73;Etan Hanter Dzhonston;devops73@test.com
74;Etan Hanter Ford;devops74@test.com
75;Etan Hanter Dzheyms;devops75@test.com
76;Etan Hanter Pol;devops76@test.com
77;Etan Hanter Pirson;devops77@test.com
78;Etan Hanter Uoker;devops78@test.com
79;Etan Hanter Miller;devops79@test.com
80;Etan Stouks Leyn;devops80@test.com
81;Etan Stouks Uolton;devops81@test.com
82;Etan Stouks Sheferd;devops82@test.com
83;Etan Stouks Dzhonston;devops83@test.com
84;Etan Stouks Ford;devops84@test.com
85;Etan Stouks Dzheyms;devops85@test.com
86;Etan Stouks Pol;devops86@test.com
87;Etan Stouks Pirson;devops87@test.com
88;Etan Stouks Uoker;devops88@test.com
89;Etan Stouks Miller;devops89@test.com
90;Etan Mosli Leyn;devops90@test.com
91;Etan Mosli Uolton;devops91@test.com
92;Etan Mosli Sheferd;devops92@test.com
93;Etan Mosli Dzhonston;devops93@test.com
94;Etan Mosli Ford;devops94@test.com
95;Etan Mosli Dzheyms;devops95@test.com
96;Etan Mosli Pol;devops96@test.com
97;Etan Mosli Pirson;devops97@test.com
98;Etan Mosli Uoker;devops98@test.com
99;Etan Mosli Miller;devops99@test.com
100;Rodzher Hardi Leyn;devops100@test.com
101;Rodzher Hardi Uolton;devops101@test.com
102;Rodzher Hardi Sheferd;devops102@test.com
103;Rodzher Hardi Dzhonston;devops103@test.com
104;Rodzher Hardi Ford;devops104@test.com
105;Rodzher Hardi Dzheyms;devops105@test.com
106;Rodzher Hardi Pol;devops106@test.com
107;Rodzher Hardi Pirson;devops107@test.com
108;Rodzher Hardi Uoker;devops108@test.com
109;Rodzher Hardi Miller;devops109@test.com
110;Rodzher Smit Leyn;devops110@test.com
111;Rodzher Smit Uolton;devops111@test.com
112;Rodzher Smit Sheferd;devops112@test.com
113;Rodzher Smit Dzhonston;devops113@test.com
114;Rodzher Smit Ford;devops114@test.com
115;Rodzher Smit Dzheyms;devops115@test.com
116;Rodzher Smit Pol;devops116@test.com
117;Rodzher Smit Pirson;devops117@test.com
118;Rodzher Smit Uoker;devops118@test.com
119;Rodzher Smit Miller;devops119@test.com
120;Rodzher Hadson Leyn;devops120@test.com
121;Rodzher Hadson Uolton;devops121@test.com
122;Rodzher Hadson Sheferd;devops122@test.com
123;Rodzher Hadson Dzhonston;devops123@test.com
124;Rodzher Hadson Ford;devops124@test.com
125;Rodzher Hadson Dzheyms;devops125@test.com
126;Rodzher Hadson Pol;devops126@test.com
127;Rodzher Hadson Pirson;devops127@test.com
128;Rodzher Hadson Uoker;devops128@test.com
129;Rodzher Hadson Miller;devops129@test.com
130;Rodzher Hovard Leyn;devops130@test.com
131;Rodzher Hovard Uolton;devops131@test.com
132;Rodzher Hovard Sheferd;devops132@test.com
133;Rodzher Hovard Dzhonston;devops133@test.com
134;Rodzher Hovard Ford;devops134@test.com
135;Rodzher Hovard Dzheyms;devops135@test.com
136;Rodzher Hovard Pol;devops136@test.com
137;Rodzher Hovard Pirson;devops137@test.com
138;Rodzher Hovard Uoker;devops138@test.com
139;Rodzher Hovard Miller;devops139@test.com
140;Rodzher Kempbell Leyn;devops140@test.com
141;Rodzher Kempbell Uolton;devops141@test.com
142;Rodzher Kempbell Sheferd;devops142@test.com
143;Rodzher Kempbell Dzhonston;devops143@test.com
144;Rodzher Kempbell Ford;devops144@test.com
145;Rodzher Kempbell Dzheyms;devops145@test.com
146;Rodzher Kempbell Pol;devops146@test.com
147;Rodzher Kempbell Pirson;devops147@test.com
148;Rodzher Kempbell Uoker;devops148@test.com
149;Rodzher Kempbell Miller;devops149@test.com
150;Rodzher Huver Leyn;devops150@test.com
151;Rodzher Huver Uolton;devops151@test.com
152;Rodzher Huver Sheferd;devops152@test.com
153;Rodzher Huver Dzhonston;devops153@test.com
154;Rodzher Huver Ford;devops154@test.com
155;Rodzher Huver Dzheyms;devops155@test.com
156;Rodzher Huver Pol;devops156@test.com
157;Rodzher Huver Pirson;devops157@test.com
158;Rodzher Huver Uoker;devops158@test.com
159;Rodzher Huver Miller;devops159@test.com
160;Rodzher Patrik Leyn;devops160@test.com
161;Rodzher Patrik Uolton;devops161@test.com
162;Rodzher Patrik Sheferd;devops162@test.com
163;Rodzher Patrik Dzhonston;devops163@test.com
164;Rodzher Patrik Ford;devops164@test.com
165;Rodzher Patrik Dzheyms;devops165@test.com
166;Rodzher Patrik Pol;devops166@test.com
167;Rodzher Patrik Pirson;devops167@test.com
168;Rodzher Patrik Uoker;devops168@test.com
169;Rodzher Patrik Miller;devops169@test.com
170;Rodzher Hanter Leyn;devops170@test.com
171;Rodzher Hanter Uolton;devops171@test.com
172;Rodzher Hanter Sheferd;devops172@test.com
173;Rodzher Hanter Dzhonston;devops173@test.com
174;Rodzher Hanter Ford;devops174@test.com
175;Rodzher Hanter Dzheyms;devops175@test.com
176;Rodzher Hanter Pol;devops176@test.com
177;Rodzher Hanter Pirson;devops177@test.com
178;Rodzher Hanter Uoker;devops178@test.com
179;Rodzher Hanter Miller;devops179@test.com
180;Rodzher Stouks Leyn;devops180@test.com
181;Rodzher Stouks Uolton;devops181@test.com
182;Rodzher Stouks Sheferd;devops182@test.com
183;Rodzher Stouks Dzhonston;devops183@test.com
184;Rodzher Stouks Ford;devops184@test.com
185;Rodzher Stouks Dzheyms;devops185@test.com
186;Rodzher Stouks Pol;devops186@test.com
187;Rodzher Stouks Pirson;devops187@test.com
188;Rodzher Stouks Uoker;devops188@test.com
189;Rodzher Stouks Miller;devops189@test.com
190;Rodzher Mosli Leyn;devops190@test.com
191;Rodzher Mosli Uolton;devops191@test.com
192;Rodzher Mosli Sheferd;devops192@test.com
193;Rodzher Mosli Dzhonston;devops193@test.com
194;Rodzher Mosli Ford;devops194@test.com
195;Rodzher Mosli Dzheyms;devops195@test.com
196;Rodzher Mosli Pol;devops196@test.com
197;Rodzher Mosli Pirson;devops197@test.com
198;Rodzher Mosli Uoker;devops198@test.com
199;Rodzher Mosli Miller;devops199@test.com
200;Dzhoshua Hardi Leyn;devops200@test.com
201;Dzhoshua Hardi Uolton;devops201@test.com
202;Dzhoshua Hardi Sheferd;devops202@test.com
203;Dzhoshua Hardi Dzhonston;devops203@test.com
204;Dzhoshua Hardi Ford;devops204@test.com
205;Dzhoshua Hardi Dzheyms;devops205@test.com
206;Dzhoshua Hardi Pol;devops206@test.com
207;Dzhoshua Hardi Pirson;devops207@test.com
208;Dzhoshua Hardi Uoker;devops208@test.com
209;Dzhoshua Hardi Miller;devops209@test.com
210;Dzhoshua Smit Leyn;devops210@test.com
211;Dzhoshua Smit Uolton;devops211@test.com
212;Dzhoshua Smit Sheferd;devops212@test.com
213;Dzhoshua Smit Dzhonston;devops213@test.com
214;Dzhoshua Smit Ford;devops214@test.com
215;Dzhoshua Smit Dzheyms;devops215@test.com
216;Dzhoshua Smit Pol;devops216@test.com
217;Dzhoshua Smit Pirson;devops217@test.com
218;Dzhoshua Smit Uoker;devops218@test.com
219;Dzhoshua Smit Miller;devops219@test.com
220;Dzhoshua Hadson Leyn;devops220@test.com
221;Dzhoshua Hadson Uolton;devops221@test.com
222;Dzhoshua Hadson Sheferd;devops222@test.com
223;Dzhoshua Hadson Dzhonston;devops223@test.com
224;Dzhoshua Hadson Ford;devops224@test.com
225;Dzhoshua Hadson Dzheyms;devops225@test.com
226;Dzhoshua Hadson Pol;devops226@test.com
227;Dzhoshua Hadson Pirson;devops227@test.com
228;Dzhoshua Hadson Uoker;devops228@test.com
229;Dzhoshua Hadson Miller;devops229@test.com
230;Dzhoshua Hovard Leyn;devops230@test.com
231;Dzhoshua Hovard Uolton;devops231@test.com
232;Dzhoshua Hovard Sheferd;devops232@test.com
233;Dzhoshua Hovard Dzhonston;devops233@test.com
234;Dzhoshua Hovard Ford;devops234@test.com
235;Dzhoshua Hovard Dzheyms;devops235@test.com
236;Dzhoshua Hovard Pol;devops236@test.com
237;Dzhoshua Hovard Pirson;devops237@test.com
238;Dzhoshua Hovard Uoker;devops238@test.com
239;Dzhoshua Hovard Miller;devops239@test.com
240;Dzhoshua Kempbell Leyn;devops240@test.com
241;Dzhoshua Kempbell Uolton;devops241@test.com
242;Dzhoshua Kempbell Sheferd;devops242@test.com
243;Dzhoshua Kempbell Dzhonston;devops243@test.com
244;Dzhoshua Kempbell Ford;devops244@test.com
245;Dzhoshua Kempbell Dzheyms;devops245@test.com
246;Dzhoshua Kempbell Pol;devops246@test.com
247;Dzhoshua Kempbell Pirson;devops247@test.com
248;Dzhoshua Kempbell Uoker;devops248@test.com
249;Dzhoshua Kempbell Miller;devops249@test.com
250;Dzhoshua Huver Leyn;devops250@test.com
251;Dzhoshua Huver Uolton;devops251@test.com
252;Dzhoshua Huver Sheferd;devops252@test.com
253;Dzhoshua Huver Dzhonston;devops253@test.com
254;Dzhoshua Huver Ford;devops254@test.com
255;Dzhoshua Huver Dzheyms;devops255@test.com
256;Dzhoshua Huver Pol;devops256@test.com
257;Dzhoshua Huver Pirson;devops257@test.com
258;Dzhoshua Huver Uoker;devops258@test.com
259;Dzhoshua Huver Miller;devops259@test.com
260;Dzhoshua Patrik Leyn;devops260@test.com
261;Dzhoshua Patrik Uolton;devops261@test.com
262;Dzhoshua Patrik Sheferd;devops262@test.com
263;Dzhoshua Patrik Dzhonston;devops263@test.com
264;Dzhoshua Patrik Ford;devops264@test.com
265;Dzhoshua Patrik Dzheyms;devops265@test.com
266;Dzhoshua Patrik Pol;devops266@test.com
267;Dzhoshua Patrik Pirson;devops267@test.com
268;Dzhoshua Patrik Uoker;devops268@test.com
269;Dzhoshua Patrik Miller;devops269@test.com
270;Dzhoshua Hanter Leyn;devops270@test.com
271;Dzhoshua Hanter Uolton;devops271@test.com
272;Dzhoshua Hanter Sheferd;devops272@test.com
273;Dzhoshua Hanter Dzhonston;devops273@test.com
274;Dzhoshua Hanter Ford;devops274@test.com
275;Dzhoshua Hanter Dzheyms;devops275@test.com
276;Dzhoshua Hanter Pol;devops276@test.com
277;Dzhoshua Hanter Pirson;devops277@test.com
278;Dzhoshua Hanter Uoker;devops278@test.com
279;Dzhoshua Hanter Miller;devops279@test.com
280;Dzhoshua Stouks Leyn;devops280@test.com
281;Dzhoshua Stouks Uolton;devops281@test.com
282;Dzhoshua Stouks Sheferd;devops282@test.com
283;Dzhoshua Stouks Dzhonston;devops283@test.com
284;Dzhoshua Stouks Ford;devops284@test.com
285;Dzhoshua Stouks Dzheyms;devops285@test.com
286;Dzhoshua Stouks Pol;devops286@test.com
287;Dzhoshua Stouks Pirson;devops287@test.com
288;Dzhoshua Stouks Uoker;devops288@test.com
289;Dzhoshua Stouks Miller;devops289@test.com
290;Dzhoshua Mosli Leyn;devops290@test.com
291;Dzhoshua Mosli Uolton;devops291@test.com
292;Dzhoshua Mosli Sheferd;devops292@test.com
293;Dzhoshua Mosli Dzhonston;devops293@test.com
294;Dzhoshua Mosli Ford;devops294@test.com
295;Dzhoshua Mosli Dzheyms;devops295@test.com
296;Dzhoshua Mosli Pol;devops296@test.com
297;Dzhoshua Mosli Pirson;devops297@test.com
298;Dzhoshua Mosli Uoker;devops298@test.com
299;Dzhoshua Mosli Miller;devops299@test.com
300;Solomon Hardi Leyn;devops300@test.com
301;Solomon Hardi Uolton;devops301@test.com
302;Solomon Hardi Sheferd;devops302@test.com
303;Solomon Hardi Dzhonston;devops303@test.com
304;Solomon Hardi Ford;devops304@test.com
305;Solomon Hardi Dzheyms;devops305@test.com
306;Solomon Hardi Pol;devops306@test.com
307;Solomon Hardi Pirson;devops307@test.com
308;Solomon Hardi Uoker;devops308@test.com
309;Solomon Hardi Miller;devops309@test.com
310;Solomon Smit Leyn;devops310@test.com
311;Solomon Smit Uolton;devops311@test.com
312;Solomon Smit Sheferd;devops312@test.com
313;Solomon Smit Dzhonston;devops313@test.com
314;Solomon Smit Ford;devops314@test.com
315;Solomon Smit Dzheyms;devops315@test.com
316;Solomon Smit Pol;devops316@test.com
317;Solomon Smit Pirson;devops317@test.com
318;Solomon Smit Uoker;devops318@test.com
319;Solomon Smit Miller;devops319@test.com
320;Solomon Hadson Leyn;devops320@test.com
321;Solomon Hadson Uolton;devops321@test.com
322;Solomon Hadson Sheferd;devops322@test.com
323;Solomon Hadson Dzhonston;devops323@test.com
324;Solomon Hadson Ford;devops324@test.com
325;Solomon Hadson Dzheyms;devops325@test.com
326;Solomon Hadson Pol;devops326@test.com
327;Solomon Hadson Pirson;devops327@test.com
328;Solomon Hadson Uoker;devops328@test.com
329;Solomon Hadson Miller;devops329@test.com
330;Solomon Hovard Leyn;devops330@test.com
331;Solomon Hovard Uolton;devops331@test.com
332;Solomon Hovard Sheferd;devops332@test.com
333;Solomon Hovard Dzhonston;devops333@test.com
334;Solomon Hovard Ford;devops334@test.com
335;Solomon Hovard Dzheyms;devops335@test.com
336;Solomon Hovard Pol;devops336@test.com
337;Solomon Hovard Pirson;devops337@test.com
338;Solomon Hovard Uoker;devops338@test.com
339;Solomon Hovard Miller;devops339@test.com
340;Solomon Kempbell Leyn;devops340@test.com
341;Solomon Kempbell Uolton;devops341@test.com
342;Solomon Kempbell Sheferd;devops342@test.com
343;Solomon Kempbell Dzhonston;devops343@test.com
344;Solomon Kempbell Ford;devops344@test.com
345;Solomon Kempbell Dzheyms;devops345@test.com
346;Solomon Kempbell Pol;devops346@test.com
347;Solomon Kempbell Pirson;devops347@test.com
348;Solomon Kempbell Uoker;devops348@test.com
349;Solomon Kempbell Miller;devops349@test.com
350;Solomon Huver Leyn;devops350@test.com
351;Solomon Huver Uolton;devops351@test.com
352;Solomon Huver Sheferd;devops352@test.com
353;Solomon Huver Dzhonston;devops353@test.com
354;Solomon Huver Ford;devops354@test.com
355;Solomon Huver Dzheyms;devops355@test.com
356;Solomon Huver Pol;devops356@test.com
357;Solomon Huver Pirson;devops357@test.com
358;Solomon Huver Uoker;devops358@test.com
359;Solomon Huver Miller;devops359@test.com
360;Solomon Patrik Leyn;devops360@test.com
361;Solomon Patrik Uolton;devops361@test.com
362;Solomon Patrik Sheferd;devops362@test.com
363;Solomon Patrik Dzhonston;devops363@test.com
364;Solomon Patrik Ford;devops364@test.com
365;Solomon Patrik Dzheyms;devops365@test.com
366;Solomon Patrik Pol;devops366@test.com
367;Solomon Patrik Pirson;devops367@test.com
368;Solomon Patrik Uoker;devops368@test.com
369;Solomon Patrik Miller;devops369@test.com
370;Solomon Hanter Leyn;devops370@test.com
371;Solomon Hanter Uolton;devops371@test.com
372;Solomon Hanter Sheferd;devops372@test.com
373;Solomon Hanter Dzhonston;devops373@test.com
374;Solomon Hanter Ford;devops374@test.com
375;Solomon Hanter Dzheyms;devops375@test.com
376;Solomon Hanter Pol;devops376@test.com
377;Solomon Hanter Pirson;devops377@test.com
378;Solomon Hanter Uoker;devops378@test.com
379;Solomon Hanter Miller;devops379@test.com
380;Solomon Stouks Leyn;devops380@test.com
381;Solomon Stouks Uolton;devops381@test.com
382;Solomon Stouks Sheferd;devops382@test.com
383;Solomon Stouks Dzhonston;devops383@test.com
384;Solomon Stouks Ford;devops384@test.com
385;Solomon Stouks Dzheyms;devops385@test.com
386;Solomon Stouks Pol;devops386@test.com
387;Solomon Stouks Pirson;devops387@test.com
388;Solomon Stouks Uoker;devops388@test.com
389;Solomon Stouks Miller;devops389@test.com
390;Solomon Mosli Leyn;devops390@test.com
391;Solomon Mosli Uolton;devops391@test.com
392;Solomon Mosli Sheferd;devops392@test.com
393;Solomon Mosli Dzhonston;devops393@test.com
394;Solomon Mosli Ford;devops394@test.com
395;Solomon Mosli Dzheyms;devops395@test.com
396;Solomon Mosli Pol;devops396@test.com
397;Solomon Mosli Pirson;devops397@test.com
398;Solomon Mosli Uoker;devops398@test.com
399;Solomon Mosli Miller;devops399@test.com
400;Beverli Hardi Leyn;devops400@test.com
401;Beverli Hardi Uolton;devops401@test.com
402;Beverli Hardi Sheferd;devops402@test.com
403;Beverli Hardi Dzhonston;devops403@test.com
404;Beverli Hardi Ford;devops404@test.com
405;Beverli Hardi Dzheyms;devops405@test.com
406;Beverli Hardi Pol;devops406@test.com
407;Beverli Hardi Pirson;devops407@test.com
408;Beverli Hardi Uoker;devops408@test.com
409;Beverli Hardi Miller;devops409@test.com
410;Beverli Smit Leyn;devops410@test.com
411;Beverli Smit Uolton;devops411@test.com
412;Beverli Smit Sheferd;devops412@test.com
413;Beverli Smit Dzhonston;devops413@test.com
414;Beverli Smit Ford;devops414@test.com
415;Beverli Smit Dzheyms;devops415@test.com
416;Beverli Smit Pol;devops416@test.com
417;Beverli Smit Pirson;devops417@test.com
418;Beverli Smit Uoker;devops418@test.com
419;Beverli Smit Miller;devops419@test.com
420;Beverli Hadson Leyn;devops420@test.com
421;Beverli Hadson Uolton;devops421@test.com
422;Beverli Hadson Sheferd;devops422@test.com
423;Beverli Hadson Dzhonston;devops423@test.com
424;Beverli Hadson Ford;devops424@test.com
425;Beverli Hadson Dzheyms;devops425@test.com
426;Beverli Hadson Pol;devops426@test.com
427;Beverli Hadson Pirson;devops427@test.com
428;Beverli Hadson Uoker;devops428@test.com
429;Beverli Hadson Miller;devops429@test.com
430;Beverli Hovard Leyn;devops430@test.com
431;Beverli Hovard Uolton;devops431@test.com
432;Beverli Hovard Sheferd;devops432@test.com
433;Beverli Hovard Dzhonston;devops433@test.com
434;Beverli Hovard Ford;devops434@test.com
435;Beverli Hovard Dzheyms;devops435@test.com
436;Beverli Hovard Pol;devops436@test.com
437;Beverli Hovard Pirson;devops437@test.com
438;Beverli Hovard Uoker;devops438@test.com
439;Beverli Hovard Miller;devops439@test.com
440;Beverli Kempbell Leyn;devops440@test.com
441;Beverli Kempbell Uolton;devops441@test.com
442;Beverli Kempbell Sheferd;devops442@test.com
443;Beverli Kempbell Dzhonston;devops443@test.com
444;Beverli Kempbell Ford;devops444@test.com
445;Beverli Kempbell Dzheyms;devops445@test.com
446;Beverli Kempbell Pol;devops446@test.com
447;Beverli Kempbell Pirson;devops447@test.com
448;Beverli Kempbell Uoker;devops448@test.com
449;Beverli Kempbell Miller;devops449@test.com
450;Beverli Huver Leyn;devops450@test.com
451;Beverli Huver Uolton;devops451@test.com
452;Beverli Huver Sheferd;devops452@test.com
453;Beverli Huver Dzhonston;devops453@test.com
454;Beverli Huver Ford;devops454@test.com
455;Beverli Huver Dzheyms;devops455@test.com
456;Beverli Huver Pol;devops456@test.com
457;Beverli Huver Pirson;devops457@test.com
458;Beverli Huver Uoker;devops458@test.com
459;Beverli Huver Miller;devops459@test.com
460;Beverli Patrik Leyn;devops460@test.com
461;Beverli Patrik Uolton;devops461@test.com
462;Beverli Patrik Sheferd;devops462@test.com
463;Beverli Patrik Dzhonston;devops463@test.com
464;Beverli Patrik Ford;devops464@test.com
465;Beverli Patrik Dzheyms;devops465@test.com
466;Beverli Patrik Pol;devops466@test.com
467;Beverli Patrik Pirson;devops467@test.com
468;Beverli Patrik Uoker;devops468@test.com
469;Beverli Patrik Miller;devops469@test.com
470;Beverli Hanter Leyn;devops470@test.com
471;Beverli Hanter Uolton;devops471@test.com
472;Beverli Hanter Sheferd;devops472@test.com
473;Beverli Hanter Dzhonston;devops473@test.com
474;Beverli Hanter Ford;devops474@test.com
475;Beverli Hanter Dzheyms;devops475@test.com
476;Beverli Hanter Pol;devops476@test.com
477;Beverli Hanter Pirson;devops477@test.com
478;Beverli Hanter Uoker;devops478@test.com
479;Beverli Hanter Miller;devops479@test.com
480;Beverli Stouks Leyn;devops480@test.com
481;Beverli Stouks Uolton;devops481@test.com
482;Beverli Stouks Sheferd;devops482@test.com
483;Beverli Stouks Dzhonston;devops483@test.com
484;Beverli Stouks Ford;devops484@test.com
485;Beverli Stouks Dzheyms;devops485@test.com
486;Beverli Stouks Pol;devops486@test.com
487;Beverli Stouks Pirson;devops487@test.com
488;Beverli Stouks Uoker;devops488@test.com
489;Beverli Stouks Miller;devops489@test.com
490;Beverli Mosli Leyn;devops490@test.com
491;Beverli Mosli Uolton;devops491@test.com
492;Beverli Mosli Sheferd;devops492@test.com
493;Beverli Mosli Dzhonston;devops493@test.com
494;Beverli Mosli Ford;devops494@test.com
495;Beverli Mosli Dzheyms;devops495@test.com
496;Beverli Mosli Pol;devops496@test.com
497;Beverli Mosli Pirson;devops497@test.com
498;Beverli Mosli Uoker;devops498@test.com
499;Beverli Mosli Miller;devops499@test.com
500;Piter Hardi Leyn;devops500@test.com
501;Piter Hardi Uolton;devops501@test.com
502;Piter Hardi Sheferd;devops502@test.com
503;Piter Hardi Dzhonston;devops503@test.com
504;Piter Hardi Ford;devops504@test.com
505;Piter Hardi Dzheyms;devops505@test.com
506;Piter Hardi Pol;devops506@test.com
507;Piter Hardi Pirson;devops507@test.com
508;Piter Hardi Uoker;devops508@test.com
509;Piter Hardi Miller;devops509@test.com
510;Piter Smit Leyn;devops510@test.com
511;Piter Smit Uolton;devops511@test.com
512;Piter Smit Sheferd;devops512@test.com
513;Piter Smit Dzhonston;devops513@test.com
514;Piter Smit Ford;devops514@test.com
515;Piter Smit Dzheyms;devops515@test.com
516;Piter Smit Pol;devops516@test.com
517;Piter Smit Pirson;devops517@test.com
518;Piter Smit Uoker;devops518@test.com
519;Piter Smit Miller;devops519@test.com
520;Piter Hadson Leyn;devops520@test.com
521;Piter Hadson Uolton;devops521@test.com
522;Piter Hadson Sheferd;devops522@test.com
523;Piter Hadson Dzhonston;devops523@test.com
524;Piter Hadson Ford;devops524@test.com
525;Piter Hadson Dzheyms;devops525@test.com
526;Piter Hadson Pol;devops526@test.com
527;Piter Hadson Pirson;devops527@test.com
528;Piter Hadson Uoker;devops528@test.com
529;Piter Hadson Miller;devops529@test.com
530;Piter Hovard Leyn;devops530@test.com
531;Piter Hovard Uolton;devops531@test.com
532;Piter Hovard Sheferd;devops532@test.com
533;Piter Hovard Dzhonston;devops533@test.com
534;Piter Hovard Ford;devops534@test.com
535;Piter Hovard Dzheyms;devops535@test.com
536;Piter Hovard Pol;devops536@test.com
537;Piter Hovard Pirson;devops537@test.com
538;Piter Hovard Uoker;devops538@test.com
539;Piter Hovard Miller;devops539@test.com
540;Piter Kempbell Leyn;devops540@test.com
541;Piter Kempbell Uolton;devops541@test.com
542;Piter Kempbell Sheferd;devops542@test.com
543;Piter Kempbell Dzhonston;devops543@test.com
544;Piter Kempbell Ford;devops544@test.com
545;Piter Kempbell Dzheyms;devops545@test.com
546;Piter Kempbell Pol;devops546@test.com
547;Piter Kempbell Pirson;devops547@test.com
548;Piter Kempbell Uoker;devops548@test.com
549;Piter Kempbell Miller;devops549@test.com
550;Piter Huver Leyn;devops550@test.com
551;Piter Huver Uolton;devops551@test.com
552;Piter Huver Sheferd;devops552@test.com
553;Piter Huver Dzhonston;devops553@test.com
554;Piter Huver Ford;devops554@test.com
555;Piter Huver Dzheyms;devops555@test.com
556;Piter Huver Pol;devops556@test.com
557;Piter Huver Pirson;devops557@test.com
558;Piter Huver Uoker;devops558@test.com
559;Piter Huver Miller;devops559@test.com
560;Piter Patrik Leyn;devops560@test.com
561;Piter Patrik Uolton;devops561@test.com
562;Piter Patrik Sheferd;devops562@test.com
563;Piter Patrik Dzhonston;devops563@test.com
564;Piter Patrik Ford;devops564@test.com
565;Piter Patrik Dzheyms;devops565@test.com
566;Piter Patrik Pol;devops566@test.com
567;Piter Patrik Pirson;devops567@test.com
568;Piter Patrik Uoker;devops568@test.com
569;Piter Patrik Miller;devops569@test.com
570;Piter Hanter Leyn;devops570@test.com
571;Piter Hanter Uolton;devops571@test.com
572;Piter Hanter Sheferd;devops572@test.com
573;Piter Hanter Dzhonston;devops573@test.com
574;Piter Hanter Ford;devops574@test.com
575;Piter Hanter Dzheyms;devops575@test.com
576;Piter Hanter Pol;devops576@test.com
577;Piter Hanter Pirson;devops577@test.com
578;Piter Hanter Uoker;devops578@test.com
579;Piter Hanter Miller;devops579@test.com
580;Piter Stouks Leyn;devops580@test.com
581;Piter Stouks Uolton;devops581@test.com
582;Piter Stouks Sheferd;devops582@test.com
583;Piter Stouks Dzhonston;devops583@test.com
584;Piter Stouks Ford;devops584@test.com
585;Piter Stouks Dzheyms;devops585@test.com
586;Piter Stouks Pol;devops586@test.com
587;Piter Stouks Pirson;devops587@test.com
588;Piter Stouks Uoker;devops588@test.com
589;Piter Stouks Miller;devops589@test.com
590;Piter Mosli Leyn;devops590@test.com
591;Piter Mosli Uolton;devops591@test.com
592;Piter Mosli Sheferd;devops592@test.com
593;Piter Mosli Dzhonston;devops593@test.com
594;Piter Mosli Ford;devops594@test.com
595;Piter Mosli Dzheyms;devops595@test.com
596;Piter Mosli Pol;devops596@test.com
597;Piter Mosli Pirson;devops597@test.com
598;Piter Mosli Uoker;devops598@test.com
599;Piter Mosli Miller;devops599@test.com
600;Gregori Hardi Leyn;devops600@test.com
601;Gregori Hardi Uolton;devops601@test.com
602;Gregori Hardi Sheferd;devops602@test.com
603;Gregori Hardi Dzhonston;devops603@test.com
604;Gregori Hardi Ford;devops604@test.com
605;Gregori Hardi Dzheyms;devops605@test.com
606;Gregori Hardi Pol;devops606@test.com
607;Gregori Hardi Pirson;devops607@test.com
608;Gregori Hardi Uoker;devops608@test.com
609;Gregori Hardi Miller;devops609@test.com
610;Gregori Smit Leyn;devops610@test.com
611;Gregori Smit Uolton;devops611@test.com
612;Gregori Smit Sheferd;devops612@test.com
613;Gregori Smit Dzhonston;devops613@test.com
614;Gregori Smit Ford;devops614@test.com
615;Gregori Smit Dzheyms;devops615@test.com
616;Gregori Smit Pol;devops616@test.com
617;Gregori Smit Pirson;devops617@test.com
618;Gregori Smit Uoker;devops618@test.com
619;Gregori Smit Miller;devops619@test.com
620;Gregori Hadson Leyn;devops620@test.com
621;Gregori Hadson Uolton;devops621@test.com
622;Gregori Hadson Sheferd;devops622@test.com
623;Gregori Hadson Dzhonston;devops623@test.com
624;Gregori Hadson Ford;devops624@test.com
625;Gregori Hadson Dzheyms;devops625@test.com
626;Gregori Hadson Pol;devops626@test.com
627;Gregori Hadson Pirson;devops627@test.com
628;Gregori Hadson Uoker;devops628@test.com
629;Gregori Hadson Miller;devops629@test.com
630;Gregori Hovard Leyn;devops630@test.com
631;Gregori Hovard Uolton;devops631@test.com
632;Gregori Hovard Sheferd;devops632@test.com
633;Gregori Hovard Dzhonston;devops633@test.com
634;Gregori Hovard Ford;devops634@test.com
635;Gregori Hovard Dzheyms;devops635@test.com
636;Gregori Hovard Pol;devops636@test.com
637;Gregori Hovard Pirson;devops637@test.com
638;Gregori Hovard Uoker;devops638@test.com
639;Gregori Hovard Miller;devops639@test.com
640;Gregori Kempbell Leyn;devops640@test.com
641;Gregori Kempbell Uolton;devops641@test.com
642;Gregori Kempbell Sheferd;devops642@test.com
643;Gregori Kempbell Dzhonston;devops643@test.com
644;Gregori Kempbell Ford;devops644@test.com
645;Gregori Kempbell Dzheyms;devops645@test.com
646;Gregori Kempbell Pol;devops646@test.com
647;Gregori Kempbell Pirson;devops647@test.com
648;Gregori Kempbell Uoker;devops648@test.com
649;Gregori Kempbell Miller;devops649@test.com
650;Gregori Huver Leyn;devops650@test.com
651;Gregori Huver Uolton;devops651@test.com
652;Gregori Huver Sheferd;devops652@test.com
653;Gregori Huver Dzhonston;devops653@test.com
654;Gregori Huver Ford;devops654@test.com
655;Gregori Huver Dzheyms;devops655@test.com
656;Gregori Huver Pol;devops656@test.com
657;Gregori Huver Pirson;devops657@test.com
658;Gregori Huver Uoker;devops658@test.com
659;Gregori Huver Miller;devops659@test.com
660;Gregori Patrik Leyn;devops660@test.com
661;Gregori Patrik Uolton;devops661@test.com
662;Gregori Patrik Sheferd;devops662@test.com
663;Gregori Patrik Dzhonston;devops663@test.com
664;Gregori Patrik Ford;devops664@test.com
665;Gregori Patrik Dzheyms;devops665@test.com
666;Gregori Patrik Pol;devops666@test.com
667;Gregori Patrik Pirson;devops667@test.com
668;Gregori Patrik Uoker;devops668@test.com
669;Gregori Patrik Miller;devops669@test.com
670;Gregori Hanter Leyn;devops670@test.com
671;Gregori Hanter Uolton;devops671@test.com
672;Gregori Hanter Sheferd;devops672@test.com
673;Gregori Hanter Dzhonston;devops673@test.com
674;Gregori Hanter Ford;devops674@test.com
675;Gregori Hanter Dzheyms;devops675@test.com
676;Gregori Hanter Pol;devops676@test.com
677;Gregori Hanter Pirson;devops677@test.com
678;Gregori Hanter Uoker;devops678@test.com
679;Gregori Hanter Miller;devops679@test.com
680;Gregori Stouks Leyn;devops680@test.com
681;Gregori Stouks Uolton;devops681@test.com
682;Gregori Stouks Sheferd;devops682@test.com
683;Gregori Stouks Dzhonston;devops683@test.com
684;Gregori Stouks Ford;devops684@test.com
685;Gregori Stouks Dzheyms;devops685@test.com
686;Gregori Stouks Pol;devops686@test.com
687;Gregori Stouks Pirson;devops687@test.com
688;Gregori Stouks Uoker;devops688@test.com
689;Gregori Stouks Miller;devops689@test.com
690;Gregori Mosli Leyn;devops690@test.com
691;Gregori Mosli Uolton;devops691@test.com
692;Gregori Mosli Sheferd;devops692@test.com
693;Gregori Mosli Dzhonston;devops693@test.com
694;Gregori Mosli Ford;devops694@test.com
695;Gregori Mosli Dzheyms;devops695@test.com
696;Gregori Mosli Pol;devops696@test.com
697;Gregori Mosli Pirson;devops697@test.com
698;Gregori Mosli Uoker;devops698@test.com
699;Gregori Mosli Miller;devops699@test.com
700;Harri Hardi Leyn;devops700@test.com
701;Harri Hardi Uolton;devops701@test.com
702;Harri Hardi Sheferd;devops702@test.com
703;Harri Hardi Dzhonston;devops703@test.com
704;Harri Hardi Ford;devops704@test.com
705;Harri Hardi Dzheyms;devops705@test.com
706;Harri Hardi Pol;devops706@test.com
707;Harri Hardi Pirson;devops707@test.com
708;Harri Hardi Uoker;devops708@test.com
709;Harri Hardi Miller;devops709@test.com
710;Harri Smit Leyn;devops710@test.com
711;Harri Smit Uolton;devops711@test.com
712;Harri Smit Sheferd;devops712@test.com
713;Harri Smit Dzhonston;devops713@test.com
714;Harri Smit Ford;devops714@test.com
715;Harri Smit Dzheyms;devops715@test.com
716;Harri Smit Pol;devops716@test.com
717;Harri Smit Pirson;devops717@test.com
718;Harri Smit Uoker;devops718@test.com
719;Harri Smit Miller;devops719@test.com
720;Harri Hadson Leyn;devops720@test.com
721;Harri Hadson Uolton;devops721@test.com
722;Harri Hadson Sheferd;devops722@test.com
723;Harri Hadson Dzhonston;devops723@test.com
724;Harri Hadson Ford;devops724@test.com
725;Harri Hadson Dzheyms;devops725@test.com
726;Harri Hadson Pol;devops726@test.com
727;Harri Hadson Pirson;devops727@test.com
728;Harri Hadson Uoker;devops728@test.com
729;Harri Hadson Miller;devops729@test.com
730;Harri Hovard Leyn;devops730@test.com
731;Harri Hovard Uolton;devops731@test.com
732;Harri Hovard Sheferd;devops732@test.com
733;Harri Hovard Dzhonston;devops733@test.com
734;Harri Hovard Ford;devops734@test.com
735;Harri Hovard Dzheyms;devops735@test.com
736;Harri Hovard Pol;devops736@test.com
737;Harri Hovard Pirson;devops737@test.com
738;Harri Hovard Uoker;devops738@test.com
739;Harri Hovard Miller;devops739@test.com
740;Harri Kempbell Leyn;devops740@test.com
741;Harri Kempbell Uolton;devops741@test.com
742;Harri Kempbell Sheferd;devops742@test.com
743;Harri Kempbell Dzhonston;devops743@test.com
744;Harri Kempbell Ford;devops744@test.com
745;Harri Kempbell Dzheyms;devops745@test.com
746;Harri Kempbell Pol;devops746@test.com
747;Harri Kempbell Pirson;devops747@test.com
748;Harri Kempbell Uoker;devops748@test.com
749;Harri Kempbell Miller;devops749@test.com
750;Harri Huver Leyn;devops750@test.com
751;Harri Huver Uolton;devops751@test.com
752;Harri Huver Sheferd;devops752@test.com
753;Harri Huver Dzhonston;devops753@test.com
754;Harri Huver Ford;devops754@test.com
755;Harri Huver Dzheyms;devops755@test.com
756;Harri Huver Pol;devops756@test.com
757;Harri Huver Pirson;devops757@test.com
758;Harri Huver Uoker;devops758@test.com
759;Harri Huver Miller;devops759@test.com
760;Harri Patrik Leyn;devops760@test.com
761;Harri Patrik Uolton;devops761@test.com
762;Harri Patrik Sheferd;devops762@test.com
763;Harri Patrik Dzhonston;devops763@test.com
764;Harri Patrik Ford;devops764@test.com
765;Harri Patrik Dzheyms;devops765@test.com
766;Harri Patrik Pol;devops766@test.com
767;Harri Patrik Pirson;devops767@test.com
768;Harri Patrik Uoker;devops768@test.com
769;Harri Patrik Miller;devops769@test.com
770;Harri Hanter Leyn;devops770@test.com
771;Harri Hanter Uolton;devops771@test.com
772;Harri Hanter Sheferd;devops772@test.com
773;Harri Hanter Dzhonston;devops773@test.com
774;Harri Hanter Ford;devops774@test.com
775;Harri Hanter Dzheyms;devops775@test.com
776;Harri Hanter Pol;devops776@test.com
777;Harri Hanter Pirson;devops777@test.com
778;Harri Hanter Uoker;devops778@test.com
779;Harri Hanter Miller;devops779@test.com
780;Harri Stouks Leyn;devops780@test.com
781;Harri Stouks Uolton;devops781@test.com
782;Harri Stouks Sheferd;devops782@test.com
783;Harri Stouks Dzhonston;devops783@test.com
784;Harri Stouks Ford;devops784@test.com
785;Harri Stouks Dzheyms;devops785@test.com
786;Harri Stouks Pol;devops786@test.com
787;Harri Stouks Pirson;devops787@test.com
788;Harri Stouks Uoker;devops788@test.com
789;Harri Stouks Miller;devops789@test.com
790;Harri Mosli Leyn;devops790@test.com
791;Harri Mosli Uolton;devops791@test.com
792;Harri Mosli Sheferd;devops792@test.com
793;Harri Mosli Dzhonston;devops793@test.com
794;Harri Mosli Ford;devops794@test.com
795;Harri Mosli Dzheyms;devops795@test.com
796;Harri Mosli Pol;devops796@test.com
797;Harri Mosli Pirson;devops797@test.com
798;Harri Mosli Uoker;devops798@test.com
799;Harri Mosli Miller;devops799@test.com
800;Metyu Hardi Leyn;devops800@test.com
801;Metyu Hardi Uolton;devops801@test.com
802;Metyu Hardi Sheferd;devops802@test.com
803;Metyu Hardi Dzhonston;devops803@test.com
804;Metyu Hardi Ford;devops804@test.com
805;Metyu Hardi Dzheyms;devops805@test.com
806;Metyu Hardi Pol;devops806@test.com
807;Metyu Hardi Pirson;devops807@test.com
808;Metyu Hardi Uoker;devops808@test.com
809;Metyu Hardi Miller;devops809@test.com
810;Metyu Smit Leyn;devops810@test.com
811;Metyu Smit Uolton;devops811@test.com
812;Metyu Smit Sheferd;devops812@test.com
813;Metyu Smit Dzhonston;devops813@test.com
814;Metyu Smit Ford;devops814@test.com
815;Metyu Smit Dzheyms;devops815@test.com
816;Metyu Smit Pol;devops816@test.com
817;Metyu Smit Pirson;devops817@test.com
818;Metyu Smit Uoker;devops818@test.com
819;Metyu Smit Miller;devops819@test.com
820;Metyu Hadson Leyn;devops820@test.com
821;Metyu Hadson Uolton;devops821@test.com
822;Metyu Hadson Sheferd;devops822@test.com
823;Metyu Hadson Dzhonston;devops823@test.com
824;Metyu Hadson Ford;devops824@test.com
825;Metyu Hadson Dzheyms;devops825@test.com
826;Metyu Hadson Pol;devops826@test.com
827;Metyu Hadson Pirson;devops827@test.com
828;Metyu Hadson Uoker;devops828@test.com
829;Metyu Hadson Miller;devops829@test.com
830;Metyu Hovard Leyn;devops830@test.com
831;Metyu Hovard Uolton;devops831@test.com
832;Metyu Hovard Sheferd;devops832@test.com
833;Metyu Hovard Dzhonston;devops833@test.com
834;Metyu Hovard Ford;devops834@test.com
835;Metyu Hovard Dzheyms;devops835@test.com
836;Metyu Hovard Pol;devops836@test.com
837;Metyu Hovard Pirson;devops837@test.com
838;Metyu Hovard Uoker;devops838@test.com
839;Metyu Hovard Miller;devops839@test.com
840;Metyu Kempbell Leyn;devops840@test.com
841;Metyu Kempbell Uolton;devops841@test.com
842;Metyu Kempbell Sheferd;devops842@test.com
843;Metyu Kempbell Dzhonston;devops843@test.com
844;Metyu Kempbell Ford;devops844@test.com
845;Metyu Kempbell Dzheyms;devops845@test.com
846;Metyu Kempbell Pol;devops846@test.com
847;Metyu Kempbell Pirson;devops847@test.com
848;Metyu Kempbell Uoker;devops848@test.com
849;Metyu Kempbell Miller;devops849@test.com
850;Metyu Huver Leyn;devops850@test.com
851;Metyu Huver Uolton;devops851@test.com
852;Metyu Huver Sheferd;devops852@test.com
853;Metyu Huver Dzhonston;devops853@test.com
854;Metyu Huver Ford;devops854@test.com
855;Metyu Huver Dzheyms;devops855@test.com
856;Metyu Huver Pol;devops856@test.com
857;Metyu Huver Pirson;devops857@test.com
858;Metyu Huver Uoker;devops858@test.com
859;Metyu Huver Miller;devops859@test.com
860;Metyu Patrik Leyn;devops860@test.com
861;Metyu Patrik Uolton;devops861@test.com
862;Metyu Patrik Sheferd;devops862@test.com
863;Metyu Patrik Dzhonston;devops863@test.com
864;Metyu Patrik Ford;devops864@test.com
865;Metyu Patrik Dzheyms;devops865@test.com
866;Metyu Patrik Pol;devops866@test.com
867;Metyu Patrik Pirson;devops867@test.com
868;Metyu Patrik Uoker;devops868@test.com
869;Metyu Patrik Miller;devops869@test.com
870;Metyu Hanter Leyn;devops870@test.com
871;Metyu Hanter Uolton;devops871@test.com
872;Metyu Hanter Sheferd;devops872@test.com
873;Metyu Hanter Dzhonston;devops873@test.com
874;Metyu Hanter Ford;devops874@test.com
875;Metyu Hanter Dzheyms;devops875@test.com
876;Metyu Hanter Pol;devops876@test.com
877;Metyu Hanter Pirson;devops877@test.com
878;Metyu Hanter Uoker;devops878@test.com
879;Metyu Hanter Miller;devops879@test.com
880;Metyu Stouks Leyn;devops880@test.com
881;Metyu Stouks Uolton;devops881@test.com
882;Metyu Stouks Sheferd;devops882@test.com
883;Metyu Stouks Dzhonston;devops883@test.com
884;Metyu Stouks Ford;devops884@test.com
885;Metyu Stouks Dzheyms;devops885@test.com
886;Metyu Stouks Pol;devops886@test.com
887;Metyu Stouks Pirson;devops887@test.com
888;Metyu Stouks Uoker;devops888@test.com
889;Metyu Stouks Miller;devops889@test.com
890;Metyu Mosli Leyn;devops890@test.com
891;Metyu Mosli Uolton;devops891@test.com
892;Metyu Mosli Sheferd;devops892@test.com
893;Metyu Mosli Dzhonston;devops893@test.com
894;Metyu Mosli Ford;devops894@test.com
895;Metyu Mosli Dzheyms;devops895@test.com
896;Metyu Mosli Pol;devops896@test.com
897;Metyu Mosli Pirson;devops897@test.com
898;Metyu Mosli Uoker;devops898@test.com
899;Metyu Mosli Miller;devops899@test.com
900;Erl Hardi Leyn;devops900@test.com
901;Erl Hardi Uolton;devops901@test.com
902;Erl Hardi Sheferd;devops902@test.com
903;Erl Hardi Dzhonston;devops903@test.com
904;Erl Hardi Ford;devops904@test.com
905;Erl Hardi Dzheyms;devops905@test.com
906;Erl Hardi Pol;devops906@test.com
907;Erl Hardi Pirson;devops907@test.com
908;Erl Hardi Uoker;devops908@test.com
909;Erl Hardi Miller;devops909@test.com
910;Erl Smit Leyn;devops910@test.com
911;Erl Smit Uolton;devops911@test.com
912;Erl Smit Sheferd;devops912@test.com
913;Erl Smit Dzhonston;devops913@test.com
914;Erl Smit Ford;devops914@test.com
915;Erl Smit Dzheyms;devops915@test.com
916;Erl Smit Pol;devops916@test.com
917;Erl Smit Pirson;devops917@test.com
918;Erl Smit Uoker;devops918@test.com
919;Erl Smit Miller;devops919@test.com
920;Erl Hadson Leyn;devops920@test.com
921;Erl Hadson Uolton;devops921@test.com
922;Erl Hadson Sheferd;devops922@test.com
923;Erl Hadson Dzhonston;devops923@test.com
924;Erl Hadson Ford;devops924@test.com
925;Erl Hadson Dzheyms;devops925@test.com
926;Erl Hadson Pol;devops926@test.com
927;Erl Hadson Pirson;devops927@test.com
928;Erl Hadson Uoker;devops928@test.com
929;Erl Hadson Miller;devops929@test.com
930;Erl Hovard Leyn;devops930@test.com
931;Erl Hovard Uolton;devops931@test.com
932;Erl Hovard Sheferd;devops932@test.com
933;Erl Hovard Dzhonston;devops933@test.com
934;Erl Hovard Ford;devops934@test.com
935;Erl Hovard Dzheyms;devops935@test.com
936;Erl Hovard Pol;devops936@test.com
937;Erl Hovard Pirson;devops937@test.com
938;Erl Hovard Uoker;devops938@test.com
939;Erl Hovard Miller;devops939@test.com
940;Erl Kempbell Leyn;devops940@test.com
941;Erl Kempbell Uolton;devops941@test.com
942;Erl Kempbell Sheferd;devops942@test.com
943;Erl Kempbell Dzhonston;devops943@test.com
944;Erl Kempbell Ford;devops944@test.com
945;Erl Kempbell Dzheyms;devops945@test.com
946;Erl Kempbell Pol;devops946@test.com
947;Erl Kempbell Pirson;devops947@test.com
948;Erl Kempbell Uoker;devops948@test.com
949;Erl Kempbell Miller;devops949@test.com
950;Erl Huver Leyn;devops950@test.com
951;Erl Huver Uolton;devops951@test.com
952;Erl Huver Sheferd;devops952@test.com
953;Erl Huver Dzhonston;devops953@test.com
954;Erl Huver Ford;devops954@test.com
955;Erl Huver Dzheyms;devops955@test.com
956;Erl Huver Pol;devops956@test.com
957;Erl Huver Pirson;devops957@test.com
958;Erl Huver Uoker;devops958@test.com
959;Erl Huver Miller;devops959@test.com
960;Erl Patrik Leyn;devops960@test.com
961;Erl Patrik Uolton;devops961@test.com
962;Erl Patrik Sheferd;devops962@test.com
963;Erl Patrik Dzhonston;devops963@test.com
964;Erl Patrik Ford;devops964@test.com
965;Erl Patrik Dzheyms;devops965@test.com
966;Erl Patrik Pol;devops966@test.com
967;Erl Patrik Pirson;devops967@test.com
968;Erl Patrik Uoker;devops968@test.com
969;Erl Patrik Miller;devops969@test.com
970;Erl Hanter Leyn;devops970@test.com
971;Erl Hanter Uolton;devops971@test.com
972;Erl Hanter Sheferd;devops972@test.com
973;Erl Hanter Dzhonston;devops973@test.com
974;Erl Hanter Ford;devops974@test.com
975;Erl Hanter Dzheyms;devops975@test.com
976;Erl Hanter Pol;devops976@test.com
977;Erl Hanter Pirson;devops977@test.com
978;Erl Hanter Uoker;devops978@test.com
979;Erl Hanter Miller;devops979@test.com
980;Erl Stouks Leyn;devops980@test.com
981;Erl Stouks Uolton;devops981@test.com
982;Erl Stouks Sheferd;devops982@test.com
983;Erl Stouks Dzhonston;devops983@test.com
984;Erl Stouks Ford;devops984@test.com
985;Erl Stouks Dzheyms;devops985@test.com
986;Erl Stouks Pol;devops986@test.com
987;Erl Stouks Pirson;devops987@test.com
988;Erl Stouks Uoker;devops988@test.com
989;Erl Stouks Miller;devops989@test.com
990;Erl Mosli Leyn;devops990@test.com
991;Erl Mosli Uolton;devops991@test.com
992;Erl Mosli Sheferd;devops992@test.com
993;Erl Mosli Dzhonston;devops993@test.com
994;Erl Mosli Ford;devops994@test.com
995;Erl Mosli Dzheyms;devops995@test.com
996;Erl Mosli Pol;devops996@test.com
997;Erl Mosli Pirson;devops997@test.com
998;Erl Mosli Uoker;devops998@test.com
999;Erl Mosli Miller;devops999@test.com
