0;Ronald Peyn Saymon;managers0@test.com
1;Ronald Peyn Mark;managers1@test.com
2;Ronald Peyn Moris;managers2@test.com
3;Ronald Peyn Dzhonatan;managers3@test.com
4;Ronald Peyn Gordon;managers4@test.com
5;Ronald Peyn Dzhordzh;managers5@test.com
6;Ronald Peyn Maykl;managers6@test.com
7;Ronald Peyn Dzhordzh;managers7@test.com
8;Ronald Peyn Ronald;managers8@test.com
9;Ronald Peyn Piter;managers9@test.com
10;Ronald Allen Saymon;managers10@test.com
11;Ronald Allen Mark;managers11@test.com
12;Ronald Allen Moris;managers12@test.com
13;Ronald Allen Dzhonatan;managers13@test.com
14;Ronald Allen Gordon;managers14@test.com
15;Ronald Allen Dzhordzh;managers15@test.com
16;Ronald Allen Maykl;managers16@test.com
17;Ronald Allen Dzhordzh;managers17@test.com
18;Ronald Allen Ronald;managers18@test.com
19;Ronald Allen Piter;managers19@test.com
20;Ronald Porter Saymon;managers20@test.com
21;Ronald Porter Mark;managers21@test.com
22;Ronald Porter Moris;managers22@test.com
23;Ronald Porter Dzhonatan;managers23@test.com
24;Ronald Porter Gordon;managers24@test.com
25;Ronald Porter Dzhordzh;managers25@test.com
26;Ronald Porter Maykl;managers26@test.com
27;Ronald Porter Dzhordzh;managers27@test.com
28;Ronald Porter Ronald;managers28@test.com
29;Ronald Porter Piter;managers29@test.com
30;Ronald Pitts Saymon;managers30@test.com
31;Ronald Pitts Mark;managers31@test.com
32;Ronald Pitts Moris;managers32@test.com
33;Ronald Pitts Dzhonatan;managers33@test.com
34;Ronald Pitts Gordon;managers34@test.com
35;Ronald Pitts Dzhordzh;managers35@test.com
36;Ronald Pitts Maykl;managers36@test.com
37;Ronald Pitts Dzhordzh;managers37@test.com
38;Ronald Pitts Ronald;managers38@test.com
39;Ronald Pitts Piter;managers39@test.com
40;Ronald Fauler Saymon;managers40@test.com
41;Ronald Fauler Mark;managers41@test.com
42;Ronald Fauler Moris;managers42@test.com
43;Ronald Fauler Dzhonatan;managers43@test.com
44;Ronald Fauler Gordon;managers44@test.com
45;Ronald Fauler Dzhordzh;managers45@test.com
46;Ronald Fauler Maykl;managers46@test.com
47;Ronald Fauler Dzhordzh;managers47@test.com
48;Ronald Fauler Ronald;managers48@test.com
49;Ronald Fauler Piter;managers49@test.com
50;Ronald Grir Saymon;managers50@test.com
51;Ronald Grir Mark;managers51@test.com
52;Ronald Grir Moris;managers52@test.com
53;Ronald Grir Dzhonatan;managers53@test.com
54;Ronald Grir Gordon;managers54@test.com
55;Ronald Grir Dzhordzh;managers55@test.com
56;Ronald Grir Maykl;managers56@test.com
57;Ronald Grir Dzhordzh;managers57@test.com
58;Ronald Grir Ronald;managers58@test.com
59;Ronald Grir Piter;managers59@test.com
60;Ronald Byorns Saymon;managers60@test.com
61;Ronald Byorns Mark;managers61@test.com
62;Ronald Byorns Moris;managers62@test.com
63;Ronald Byorns Dzhonatan;managers63@test.com
64;Ronald Byorns Gordon;managers64@test.com
65;Ronald Byorns Dzhordzh;managers65@test.com
66;Ronald Byorns Maykl;managers66@test.com
67;Ronald Byorns Dzhordzh;managers67@test.com
68;Ronald Byorns Ronald;managers68@test.com
69;Ronald Byorns Piter;managers69@test.com
70;Ronald Beyts Saymon;managers70@test.com
71;Ronald Beyts Mark;managers71@test.com
72;Ronald Beyts Moris;managers72@test.com
73;Ronald Beyts Dzhonatan;managers73@test.com
74;Ronald Beyts Gordon;managers74@test.com
75;Ronald Beyts Dzhordzh;managers75@test.com
76;Ronald Beyts Maykl;managers76@test.com
77;Ronald Beyts Dzhordzh;managers77@test.com
78;Ronald Beyts Ronald;managers78@test.com
79;Ronald Beyts Piter;managers79@test.com
80;Ronald Barton Saymon;managers80@test.com
81;Ronald Barton Mark;managers81@test.com
82;Ronald Barton Moris;managers82@test.com
83;Ronald Barton Dzhonatan;managers83@test.com
84;Ronald Barton Gordon;managers84@test.com
85;Ronald Barton Dzhordzh;managers85@test.com
86;Ronald Barton Maykl;managers86@test.com
87;Ronald Barton Dzhordzh;managers87@test.com
88;Ronald Barton Ronald;managers88@test.com
89;Ronald Barton Piter;managers89@test.com
90;Ronald Lester Saymon;managers90@test.com
91;Ronald Lester Mark;managers91@test.com
92;Ronald Lester Moris;managers92@test.com
93;Ronald Lester Dzhonatan;managers93@test.com
94;Ronald Lester Gordon;managers94@test.com
95;Ronald Lester Dzhordzh;managers95@test.com
96;Ronald Lester Maykl;managers96@test.com
97;Ronald Lester Dzhordzh;managers97@test.com
98;Ronald Lester Ronald;managers98@test.com
99;Ronald Lester Piter;managers99@test.com
100;Dzhulian Peyn Saymon;managers100@test.com
101;Dzhulian Peyn Mark;managers101@test.com
102;Dzhulian Peyn Moris;managers102@test.com
103;Dzhulian Peyn Dzhonatan;managers103@test.com
104;Dzhulian Peyn Gordon;managers104@test.com
105;Dzhulian Peyn Dzhordzh;managers105@test.com
106;Dzhulian Peyn Maykl;managers106@test.com
107;Dzhulian Peyn Dzhordzh;managers107@test.com
108;Dzhulian Peyn Ronald;managers108@test.com
109;Dzhulian Peyn Piter;managers109@test.com
110;Dzhulian Allen Saymon;managers110@test.com
111;Dzhulian Allen Mark;managers111@test.com
112;Dzhulian Allen Moris;managers112@test.com
113;Dzhulian Allen Dzhonatan;managers113@test.com
114;Dzhulian Allen Gordon;managers114@test.com
115;Dzhulian Allen Dzhordzh;managers115@test.com
116;Dzhulian Allen Maykl;managers116@test.com
117;Dzhulian Allen Dzhordzh;managers117@test.com
118;Dzhulian Allen Ronald;managers118@test.com
119;Dzhulian Allen Piter;managers119@test.com
120;Dzhulian Porter Saymon;managers120@test.com
121;Dzhulian Porter Mark;managers121@test.com
122;Dzhulian Porter Moris;managers122@test.com
123;Dzhulian Porter Dzhonatan;managers123@test.com
124;Dzhulian Porter Gordon;managers124@test.com
125;Dzhulian Porter Dzhordzh;managers125@test.com
126;Dzhulian Porter Maykl;managers126@test.com
127;Dzhulian Porter Dzhordzh;managers127@test.com
128;Dzhulian Porter Ronald;managers128@test.com
129;Dzhulian Porter Piter;managers129@test.com
130;Dzhulian Pitts Saymon;managers130@test.com
131;Dzhulian Pitts Mark;managers131@test.com
132;Dzhulian Pitts Moris;managers132@test.com
133;Dzhulian Pitts Dzhonatan;managers133@test.com
134;Dzhulian Pitts Gordon;managers134@test.com
135;Dzhulian Pitts Dzhordzh;managers135@test.com
136;Dzhulian Pitts Maykl;managers136@test.com
137;Dzhulian Pitts Dzhordzh;managers137@test.com
138;Dzhulian Pitts Ronald;managers138@test.com
139;Dzhulian Pitts Piter;managers139@test.com
140;Dzhulian Fauler Saymon;managers140@test.com
141;Dzhulian Fauler Mark;managers141@test.com
142;Dzhulian Fauler Moris;managers142@test.com
143;Dzhulian Fauler Dzhonatan;managers143@test.com
144;Dzhulian Fauler Gordon;managers144@test.com
145;Dzhulian Fauler Dzhordzh;managers145@test.com
146;Dzhulian Fauler Maykl;managers146@test.com
147;Dzhulian Fauler Dzhordzh;managers147@test.com
148;Dzhulian Fauler Ronald;managers148@test.com
149;Dzhulian Fauler Piter;managers149@test.com
150;Dzhulian Grir Saymon;managers150@test.com
151;Dzhulian Grir Mark;managers151@test.com
152;Dzhulian Grir Moris;managers152@test.com
153;Dzhulian Grir Dzhonatan;managers153@test.com
154;Dzhulian Grir Gordon;managers154@test.com
155;Dzhulian Grir Dzhordzh;managers155@test.com
156;Dzhulian Grir Maykl;managers156@test.com
157;Dzhulian Grir Dzhordzh;managers157@test.com
158;Dzhulian Grir Ronald;managers158@test.com
159;Dzhulian Grir Piter;managers159@test.com
160;Dzhulian Byorns Saymon;managers160@test.com
161;Dzhulian Byorns Mark;managers161@test.com
162;Dzhulian Byorns Moris;managers162@test.com
163;Dzhulian Byorns Dzhonatan;managers163@test.com
164;Dzhulian Byorns Gordon;managers164@test.com
165;Dzhulian Byorns Dzhordzh;managers165@test.com
166;Dzhulian Byorns Maykl;managers166@test.com
167;Dzhulian Byorns Dzhordzh;managers167@test.com
168;Dzhulian Byorns Ronald;managers168@test.com
169;Dzhulian Byorns Piter;managers169@test.com
170;Dzhulian Beyts Saymon;managers170@test.com
171;Dzhulian Beyts Mark;managers171@test.com
172;Dzhulian Beyts Moris;managers172@test.com
173;Dzhulian Beyts Dzhonatan;managers173@test.com
174;Dzhulian Beyts Gordon;managers174@test.com
175;Dzhulian Beyts Dzhordzh;managers175@test.com
176;Dzhulian Beyts Maykl;managers176@test.com
177;Dzhulian Beyts Dzhordzh;managers177@test.com
178;Dzhulian Beyts Ronald;managers178@test.com
179;Dzhulian Beyts Piter;managers179@test.com
180;Dzhulian Barton Saymon;managers180@test.com
181;Dzhulian Barton Mark;managers181@test.com
182;Dzhulian Barton Moris;managers182@test.com
183;Dzhulian Barton Dzhonatan;managers183@test.com
184;Dzhulian Barton Gordon;managers184@test.com
185;Dzhulian Barton Dzhordzh;managers185@test.com
186;Dzhulian Barton Maykl;managers186@test.com
187;Dzhulian Barton Dzhordzh;managers187@test.com
188;Dzhulian Barton Ronald;managers188@test.com
189;Dzhulian Barton Piter;managers189@test.com
190;Dzhulian Lester Saymon;managers190@test.com
191;Dzhulian Lester Mark;managers191@test.com
192;Dzhulian Lester Moris;managers192@test.com
193;Dzhulian Lester Dzhonatan;managers193@test.com
194;Dzhulian Lester Gordon;managers194@test.com
195;Dzhulian Lester Dzhordzh;managers195@test.com
196;Dzhulian Lester Maykl;managers196@test.com
197;Dzhulian Lester Dzhordzh;managers197@test.com
198;Dzhulian Lester Ronald;managers198@test.com
199;Dzhulian Lester Piter;managers199@test.com
200;Garri Peyn Saymon;managers200@test.com
201;Garri Peyn Mark;managers201@test.com
202;Garri Peyn Moris;managers202@test.com
203;Garri Peyn Dzhonatan;managers203@test.com
204;Garri Peyn Gordon;managers204@test.com
205;Garri Peyn Dzhordzh;managers205@test.com
206;Garri Peyn Maykl;managers206@test.com
207;Garri Peyn Dzhordzh;managers207@test.com
208;Garri Peyn Ronald;managers208@test.com
209;Garri Peyn Piter;managers209@test.com
210;Garri Allen Saymon;managers210@test.com
211;Garri Allen Mark;managers211@test.com
212;Garri Allen Moris;managers212@test.com
213;Garri Allen Dzhonatan;managers213@test.com
214;Garri Allen Gordon;managers214@test.com
215;Garri Allen Dzhordzh;managers215@test.com
216;Garri Allen Maykl;managers216@test.com
217;Garri Allen Dzhordzh;managers217@test.com
218;Garri Allen Ronald;managers218@test.com
219;Garri Allen Piter;managers219@test.com
220;Garri Porter Saymon;managers220@test.com
221;Garri Porter Mark;managers221@test.com
222;Garri Porter Moris;managers222@test.com
223;Garri Porter Dzhonatan;managers223@test.com
224;Garri Porter Gordon;managers224@test.com
225;Garri Porter Dzhordzh;managers225@test.com
226;Garri Porter Maykl;managers226@test.com
227;Garri Porter Dzhordzh;managers227@test.com
228;Garri Porter Ronald;managers228@test.com
229;Garri Porter Piter;managers229@test.com
230;Garri Pitts Saymon;managers230@test.com
231;Garri Pitts Mark;managers231@test.com
232;Garri Pitts Moris;managers232@test.com
233;Garri Pitts Dzhonatan;managers233@test.com
234;Garri Pitts Gordon;managers234@test.com
235;Garri Pitts Dzhordzh;managers235@test.com
236;Garri Pitts Maykl;managers236@test.com
237;Garri Pitts Dzhordzh;managers237@test.com
238;Garri Pitts Ronald;managers238@test.com
239;Garri Pitts Piter;managers239@test.com
240;Garri Fauler Saymon;managers240@test.com
241;Garri Fauler Mark;managers241@test.com
242;Garri Fauler Moris;managers242@test.com
243;Garri Fauler Dzhonatan;managers243@test.com
244;Garri Fauler Gordon;managers244@test.com
245;Garri Fauler Dzhordzh;managers245@test.com
246;Garri Fauler Maykl;managers246@test.com
247;Garri Fauler Dzhordzh;managers247@test.com
248;Garri Fauler Ronald;managers248@test.com
249;Garri Fauler Piter;managers249@test.com
250;Garri Grir Saymon;managers250@test.com
251;Garri Grir Mark;managers251@test.com
252;Garri Grir Moris;managers252@test.com
253;Garri Grir Dzhonatan;managers253@test.com
254;Garri Grir Gordon;managers254@test.com
255;Garri Grir Dzhordzh;managers255@test.com
256;Garri Grir Maykl;managers256@test.com
257;Garri Grir Dzhordzh;managers257@test.com
258;Garri Grir Ronald;managers258@test.com
259;Garri Grir Piter;managers259@test.com
260;Garri Byorns Saymon;managers260@test.com
261;Garri Byorns Mark;managers261@test.com
262;Garri Byorns Moris;managers262@test.com
263;Garri Byorns Dzhonatan;managers263@test.com
264;Garri Byorns Gordon;managers264@test.com
265;Garri Byorns Dzhordzh;managers265@test.com
266;Garri Byorns Maykl;managers266@test.com
267;Garri Byorns Dzhordzh;managers267@test.com
268;Garri Byorns Ronald;managers268@test.com
269;Garri Byorns Piter;managers269@test.com
270;Garri Beyts Saymon;managers270@test.com
271;Garri Beyts Mark;managers271@test.com
272;Garri Beyts Moris;managers272@test.com
273;Garri Beyts Dzhonatan;managers273@test.com
274;Garri Beyts Gordon;managers274@test.com
275;Garri Beyts Dzhordzh;managers275@test.com
276;Garri Beyts Maykl;managers276@test.com
277;Garri Beyts Dzhordzh;managers277@test.com
278;Garri Beyts Ronald;managers278@test.com
279;Garri Beyts Piter;managers279@test.com
280;Garri Barton Saymon;managers280@test.com
281;Garri Barton Mark;managers281@test.com
282;Garri Barton Moris;managers282@test.com
283;Garri Barton Dzhonatan;managers283@test.com
284;Garri Barton Gordon;managers284@test.com
285;Garri Barton Dzhordzh;managers285@test.com
286;Garri Barton Maykl;managers286@test.com
287;Garri Barton Dzhordzh;managers287@test.com
288;Garri Barton Ronald;managers288@test.com
289;Garri Barton Piter;managers289@test.com
290;Garri Lester Saymon;managers290@test.com
291;Garri Lester Mark;managers291@test.com
292;Garri Lester Moris;managers292@test.com
293;Garri Lester Dzhonatan;managers293@test.com
294;Garri Lester Gordon;managers294@test.com
295;Garri Lester Dzhordzh;managers295@test.com
296;Garri Lester Maykl;managers296@test.com
297;Garri Lester Dzhordzh;managers297@test.com
298;Garri Lester Ronald;managers298@test.com
299;Garri Lester Piter;managers299@test.com
300;Lourens Peyn Saymon;managers300@test.com
301;Lourens Peyn Mark;managers301@test.com
302;Lourens Peyn Moris;managers302@test.com
303;Lourens Peyn Dzhonatan;managers303@test.com
304;Lourens Peyn Gordon;managers304@test.com
305;Lourens Peyn Dzhordzh;managers305@test.com
306;Lourens Peyn Maykl;managers306@test.com
307;Lourens Peyn Dzhordzh;managers307@test.com
308;Lourens Peyn Ronald;managers308@test.com
309;Lourens Peyn Piter;managers309@test.com
310;Lourens Allen Saymon;managers310@test.com
311;Lourens Allen Mark;managers311@test.com
312;Lourens Allen Moris;managers312@test.com
313;Lourens Allen Dzhonatan;managers313@test.com
314;Lourens Allen Gordon;managers314@test.com
315;Lourens Allen Dzhordzh;managers315@test.com
316;Lourens Allen Maykl;managers316@test.com
317;Lourens Allen Dzhordzh;managers317@test.com
318;Lourens Allen Ronald;managers318@test.com
319;Lourens Allen Piter;managers319@test.com
320;Lourens Porter Saymon;managers320@test.com
321;Lourens Porter Mark;managers321@test.com
322;Lourens Porter Moris;managers322@test.com
323;Lourens Porter Dzhonatan;managers323@test.com
324;Lourens Porter Gordon;managers324@test.com
325;Lourens Porter Dzhordzh;managers325@test.com
326;Lourens Porter Maykl;managers326@test.com
327;Lourens Porter Dzhordzh;managers327@test.com
328;Lourens Porter Ronald;managers328@test.com
329;Lourens Porter Piter;managers329@test.com
330;Lourens Pitts Saymon;managers330@test.com
331;Lourens Pitts Mark;managers331@test.com
332;Lourens Pitts Moris;managers332@test.com
333;Lourens Pitts Dzhonatan;managers333@test.com
334;Lourens Pitts Gordon;managers334@test.com
335;Lourens Pitts Dzhordzh;managers335@test.com
336;Lourens Pitts Maykl;managers336@test.com
337;Lourens Pitts Dzhordzh;managers337@test.com
338;Lourens Pitts Ronald;managers338@test.com
339;Lourens Pitts Piter;managers339@test.com
340;Lourens Fauler Saymon;managers340@test.com
341;Lourens Fauler Mark;managers341@test.com
342;Lourens Fauler Moris;managers342@test.com
343;Lourens Fauler Dzhonatan;managers343@test.com
344;Lourens Fauler Gordon;managers344@test.com
345;Lourens Fauler Dzhordzh;managers345@test.com
346;Lourens Fauler Maykl;managers346@test.com
347;Lourens Fauler Dzhordzh;managers347@test.com
348;Lourens Fauler Ronald;managers348@test.com
349;Lourens Fauler Piter;managers349@test.com
350;Lourens Grir Saymon;managers350@test.com
351;Lourens Grir Mark;managers351@test.com
352;Lourens Grir Moris;managers352@test.com
353;Lourens Grir Dzhonatan;managers353@test.com
354;Lourens Grir Gordon;managers354@test.com
355;Lourens Grir Dzhordzh;managers355@test.com
356;Lourens Grir Maykl;managers356@test.com
357;Lourens Grir Dzhordzh;managers357@test.com
358;Lourens Grir Ronald;managers358@test.com
359;Lourens Grir Piter;managers359@test.com
360;Lourens Byorns Saymon;managers360@test.com
361;Lourens Byorns Mark;managers361@test.com
362;Lourens Byorns Moris;managers362@test.com
363;Lourens Byorns Dzhonatan;managers363@test.com
364;Lourens Byorns Gordon;managers364@test.com
365;Lourens Byorns Dzhordzh;managers365@test.com
366;Lourens Byorns Maykl;managers366@test.com
367;Lourens Byorns Dzhordzh;managers367@test.com
368;Lourens Byorns Ronald;managers368@test.com
369;Lourens Byorns Piter;managers369@test.com
370;Lourens Beyts Saymon;managers370@test.com
371;Lourens Beyts Mark;managers371@test.com
372;Lourens Beyts Moris;managers372@test.com
373;Lourens Beyts Dzhonatan;managers373@test.com
374;Lourens Beyts Gordon;managers374@test.com
375;Lourens Beyts Dzhordzh;managers375@test.com
376;Lourens Beyts Maykl;managers376@test.com
377;Lourens Beyts Dzhordzh;managers377@test.com
378;Lourens Beyts Ronald;managers378@test.com
379;Lourens Beyts Piter;managers379@test.com
380;Lourens Barton Saymon;managers380@test.com
381;Lourens Barton Mark;managers381@test.com
382;Lourens Barton Moris;managers382@test.com
383;Lourens Barton Dzhonatan;managers383@test.com
384;Lourens Barton Gordon;managers384@test.com
385;Lourens Barton Dzhordzh;managers385@test.com
386;Lourens Barton Maykl;managers386@test.com
387;Lourens Barton Dzhordzh;managers387@test.com
388;Lourens Barton Ronald;managers388@test.com
389;Lourens Barton Piter;managers389@test.com
390;Lourens Lester Saymon;managers390@test.com
391;Lourens Lester Mark;managers391@test.com
392;Lourens Lester Moris;managers392@test.com
393;Lourens Lester Dzhonatan;managers393@test.com
394;Lourens Lester Gordon;managers394@test.com
395;Lourens Lester Dzhordzh;managers395@test.com
396;Lourens Lester Maykl;managers396@test.com
397;Lourens Lester Dzhordzh;managers397@test.com
398;Lourens Lester Ronald;managers398@test.com
399;Lourens Lester Piter;managers399@test.com
400;Dzhulius Peyn Saymon;managers400@test.com
401;Dzhulius Peyn Mark;managers401@test.com
402;Dzhulius Peyn Moris;managers402@test.com
403;Dzhulius Peyn Dzhonatan;managers403@test.com
404;Dzhulius Peyn Gordon;managers404@test.com
405;Dzhulius Peyn Dzhordzh;managers405@test.com
406;Dzhulius Peyn Maykl;managers406@test.com
407;Dzhulius Peyn Dzhordzh;managers407@test.com
408;Dzhulius Peyn Ronald;managers408@test.com
409;Dzhulius Peyn Piter;managers409@test.com
410;Dzhulius Allen Saymon;managers410@test.com
411;Dzhulius Allen Mark;managers411@test.com
412;Dzhulius Allen Moris;managers412@test.com
413;Dzhulius Allen Dzhonatan;managers413@test.com
414;Dzhulius Allen Gordon;managers414@test.com
415;Dzhulius Allen Dzhordzh;managers415@test.com
416;Dzhulius Allen Maykl;managers416@test.com
417;Dzhulius Allen Dzhordzh;managers417@test.com
418;Dzhulius Allen Ronald;managers418@test.com
419;Dzhulius Allen Piter;managers419@test.com
420;Dzhulius Porter Saymon;managers420@test.com
421;Dzhulius Porter Mark;managers421@test.com
422;Dzhulius Porter Moris;managers422@test.com
423;Dzhulius Porter Dzhonatan;managers423@test.com
424;Dzhulius Porter Gordon;managers424@test.com
425;Dzhulius Porter Dzhordzh;managers425@test.com
426;Dzhulius Porter Maykl;managers426@test.com
427;Dzhulius Porter Dzhordzh;managers427@test.com
428;Dzhulius Porter Ronald;managers428@test.com
429;Dzhulius Porter Piter;managers429@test.com
430;Dzhulius Pitts Saymon;managers430@test.com
431;Dzhulius Pitts Mark;managers431@test.com
432;Dzhulius Pitts Moris;managers432@test.com
433;Dzhulius Pitts Dzhonatan;managers433@test.com
434;Dzhulius Pitts Gordon;managers434@test.com
435;Dzhulius Pitts Dzhordzh;managers435@test.com
436;Dzhulius Pitts Maykl;managers436@test.com
437;Dzhulius Pitts Dzhordzh;managers437@test.com
438;Dzhulius Pitts Ronald;managers438@test.com
439;Dzhulius Pitts Piter;managers439@test.com
440;Dzhulius Fauler Saymon;managers440@test.com
441;Dzhulius Fauler Mark;managers441@test.com
442;Dzhulius Fauler Moris;managers442@test.com
443;Dzhulius Fauler Dzhonatan;managers443@test.com
444;Dzhulius Fauler Gordon;managers444@test.com
445;Dzhulius Fauler Dzhordzh;managers445@test.com
446;Dzhulius Fauler Maykl;managers446@test.com
447;Dzhulius Fauler Dzhordzh;managers447@test.com
448;Dzhulius Fauler Ronald;managers448@test.com
449;Dzhulius Fauler Piter;managers449@test.com
450;Dzhulius Grir Saymon;managers450@test.com
451;Dzhulius Grir Mark;managers451@test.com
452;Dzhulius Grir Moris;managers452@test.com
453;Dzhulius Grir Dzhonatan;managers453@test.com
454;Dzhulius Grir Gordon;managers454@test.com
455;Dzhulius Grir Dzhordzh;managers455@test.com
456;Dzhulius Grir Maykl;managers456@test.com
457;Dzhulius Grir Dzhordzh;managers457@test.com
458;Dzhulius Grir Ronald;managers458@test.com
459;Dzhulius Grir Piter;managers459@test.com
460;Dzhulius Byorns Saymon;managers460@test.com
461;Dzhulius Byorns Mark;managers461@test.com
462;Dzhulius Byorns Moris;managers462@test.com
463;Dzhulius Byorns Dzhonatan;managers463@test.com
464;Dzhulius Byorns Gordon;managers464@test.com
465;Dzhulius Byorns Dzhordzh;managers465@test.com
466;Dzhulius Byorns Maykl;managers466@test.com
467;Dzhulius Byorns Dzhordzh;managers467@test.com
468;Dzhulius Byorns Ronald;managers468@test.com
469;Dzhulius Byorns Piter;managers469@test.com
470;Dzhulius Beyts Saymon;managers470@test.com
471;Dzhulius Beyts Mark;managers471@test.com
472;Dzhulius Beyts Moris;managers472@test.com
473;Dzhulius Beyts Dzhonatan;managers473@test.com
474;Dzhulius Beyts Gordon;managers474@test.com
475;Dzhulius Beyts Dzhordzh;managers475@test.com
476;Dzhulius Beyts Maykl;managers476@test.com
477;Dzhulius Beyts Dzhordzh;managers477@test.com
478;Dzhulius Beyts Ronald;managers478@test.com
479;Dzhulius Beyts Piter;managers479@test.com
480;Dzhulius Barton Saymon;managers480@test.com
481;Dzhulius Barton Mark;managers481@test.com
482;Dzhulius Barton Moris;managers482@test.com
483;Dzhulius Barton Dzhonatan;managers483@test.com
484;Dzhulius Barton Gordon;managers484@test.com
485;Dzhulius Barton Dzhordzh;managers485@test.com
486;Dzhulius Barton Maykl;managers486@test.com
487;Dzhulius Barton Dzhordzh;managers487@test.com
488;Dzhulius Barton Ronald;managers488@test.com
489;Dzhulius Barton Piter;managers489@test.com
490;Dzhulius Lester Saymon;managers490@test.com
491;Dzhulius Lester Mark;managers491@test.com
492;Dzhulius Lester Moris;managers492@test.com
493;Dzhulius Lester Dzhonatan;managers493@test.com
494;Dzhulius Lester Gordon;managers494@test.com
495;Dzhulius Lester Dzhordzh;managers495@test.com
496;Dzhulius Lester Maykl;managers496@test.com
497;Dzhulius Lester Dzhordzh;managers497@test.com
498;Dzhulius Lester Ronald;managers498@test.com
499;Dzhulius Lester Piter;managers499@test.com
500;Dzhon Peyn Saymon;managers500@test.com
501;Dzhon Peyn Mark;managers501@test.com
502;Dzhon Peyn Moris;managers502@test.com
503;Dzhon Peyn Dzhonatan;managers503@test.com
504;Dzhon Peyn Gordon;managers504@test.com
505;Dzhon Peyn Dzhordzh;managers505@test.com
506;Dzhon Peyn Maykl;managers506@test.com
507;Dzhon Peyn Dzhordzh;managers507@test.com
508;Dzhon Peyn Ronald;managers508@test.com
509;Dzhon Peyn Piter;managers509@test.com
510;Dzhon Allen Saymon;managers510@test.com
511;Dzhon Allen Mark;managers511@test.com
512;Dzhon Allen Moris;managers512@test.com
513;Dzhon Allen Dzhonatan;managers513@test.com
514;Dzhon Allen Gordon;managers514@test.com
515;Dzhon Allen Dzhordzh;managers515@test.com
516;Dzhon Allen Maykl;managers516@test.com
517;Dzhon Allen Dzhordzh;managers517@test.com
518;Dzhon Allen Ronald;managers518@test.com
519;Dzhon Allen Piter;managers519@test.com
520;Dzhon Porter Saymon;managers520@test.com
521;Dzhon Porter Mark;managers521@test.com
522;Dzhon Porter Moris;managers522@test.com
523;Dzhon Porter Dzhonatan;managers523@test.com
524;Dzhon Porter Gordon;managers524@test.com
525;Dzhon Porter Dzhordzh;managers525@test.com
526;Dzhon Porter Maykl;managers526@test.com
527;Dzhon Porter Dzhordzh;managers527@test.com
528;Dzhon Porter Ronald;managers528@test.com
529;Dzhon Porter Piter;managers529@test.com
530;Dzhon Pitts Saymon;managers530@test.com
531;Dzhon Pitts Mark;managers531@test.com
532;Dzhon Pitts Moris;managers532@test.com
533;Dzhon Pitts Dzhonatan;managers533@test.com
534;Dzhon Pitts Gordon;managers534@test.com
535;Dzhon Pitts Dzhordzh;managers535@test.com
536;Dzhon Pitts Maykl;managers536@test.com
537;Dzhon Pitts Dzhordzh;managers537@test.com
538;Dzhon Pitts Ronald;managers538@test.com
539;Dzhon Pitts Piter;managers539@test.com
540;Dzhon Fauler Saymon;managers540@test.com
541;Dzhon Fauler Mark;managers541@test.com
542;Dzhon Fauler Moris;managers542@test.com
543;Dzhon Fauler Dzhonatan;managers543@test.com
544;Dzhon Fauler Gordon;managers544@test.com
545;Dzhon Fauler Dzhordzh;managers545@test.com
546;Dzhon Fauler Maykl;managers546@test.com
547;Dzhon Fauler Dzhordzh;managers547@test.com
548;Dzhon Fauler Ronald;managers548@test.com
549;Dzhon Fauler Piter;managers549@test.com
550;Dzhon Grir Saymon;managers550@test.com
551;Dzhon Grir Mark;managers551@test.com
552;Dzhon Grir Moris;managers552@test.com
553;Dzhon Grir Dzhonatan;managers553@test.com
554;Dzhon Grir Gordon;managers554@test.com
555;Dzhon Grir Dzhordzh;managers555@test.com
556;Dzhon Grir Maykl;managers556@test.com
557;Dzhon Grir Dzhordzh;managers557@test.com
558;Dzhon Grir Ronald;managers558@test.com
559;Dzhon Grir Piter;managers559@test.com
560;Dzhon Byorns Saymon;managers560@test.com
561;Dzhon Byorns Mark;managers561@test.com
562;Dzhon Byorns Moris;managers562@test.com
563;Dzhon Byorns Dzhonatan;managers563@test.com
564;Dzhon Byorns Gordon;managers564@test.com
565;Dzhon Byorns Dzhordzh;managers565@test.com
566;Dzhon Byorns Maykl;managers566@test.com
567;Dzhon Byorns Dzhordzh;managers567@test.com
568;Dzhon Byorns Ronald;managers568@test.com
569;Dzhon Byorns Piter;managers569@test.com
570;Dzhon Beyts Saymon;managers570@test.com
571;Dzhon Beyts Mark;managers571@test.com
572;Dzhon Beyts Moris;managers572@test.com
573;Dzhon Beyts Dzhonatan;managers573@test.com
574;Dzhon Beyts Gordon;managers574@test.com
575;Dzhon Beyts Dzhordzh;managers575@test.com
576;Dzhon Beyts Maykl;managers576@test.com
577;Dzhon Beyts Dzhordzh;managers577@test.com
578;Dzhon Beyts Ronald;managers578@test.com
579;Dzhon Beyts Piter;managers579@test.com
580;Dzhon Barton Saymon;managers580@test.com
581;Dzhon Barton Mark;managers581@test.com
582;Dzhon Barton Moris;managers582@test.com
583;Dzhon Barton Dzhonatan;managers583@test.com
584;Dzhon Barton Gordon;managers584@test.com
585;Dzhon Barton Dzhordzh;managers585@test.com
586;Dzhon Barton Maykl;managers586@test.com
587;Dzhon Barton Dzhordzh;managers587@test.com
588;Dzhon Barton Ronald;managers588@test.com
589;Dzhon Barton Piter;managers589@test.com
590;Dzhon Lester Saymon;managers590@test.com
591;Dzhon Lester Mark;managers591@test.com
592;Dzhon Lester Moris;managers592@test.com
593;Dzhon Lester Dzhonatan;managers593@test.com
594;Dzhon Lester Gordon;managers594@test.com
595;Dzhon Lester Dzhordzh;managers595@test.com
596;Dzhon Lester Maykl;managers596@test.com
597;Dzhon Lester Dzhordzh;managers597@test.com
598;Dzhon Lester Ronald;managers598@test.com
599;Dzhon Lester Piter;managers599@test.com
600;Demen Peyn Saymon;managers600@test.com
601;Demen Peyn Mark;managers601@test.com
602;Demen Peyn Moris;managers602@test.com
603;Demen Peyn Dzhonatan;managers603@test.com
604;Demen Peyn Gordon;managers604@test.com
605;Demen Peyn Dzhordzh;managers605@test.com
606;Demen Peyn Maykl;managers606@test.com
607;Demen Peyn Dzhordzh;managers607@test.com
608;Demen Peyn Ronald;managers608@test.com
609;Demen Peyn Piter;managers609@test.com
610;Demen Allen Saymon;managers610@test.com
611;Demen Allen Mark;managers611@test.com
612;Demen Allen Moris;managers612@test.com
613;Demen Allen Dzhonatan;managers613@test.com
614;Demen Allen Gordon;managers614@test.com
615;Demen Allen Dzhordzh;managers615@test.com
616;Demen Allen Maykl;managers616@test.com
617;Demen Allen Dzhordzh;managers617@test.com
618;Demen Allen Ronald;managers618@test.com
619;Demen Allen Piter;managers619@test.com
620;Demen Porter Saymon;managers620@test.com
621;Demen Porter Mark;managers621@test.com
622;Demen Porter Moris;managers622@test.com
623;Demen Porter Dzhonatan;managers623@test.com
624;Demen Porter Gordon;managers624@test.com
625;Demen Porter Dzhordzh;managers625@test.com
626;Demen Porter Maykl;managers626@test.com
627;Demen Porter Dzhordzh;managers627@test.com
628;Demen Porter Ronald;managers628@test.com
629;Demen Porter Piter;managers629@test.com
630;Demen Pitts Saymon;managers630@test.com
631;Demen Pitts Mark;managers631@test.com
632;Demen Pitts Moris;managers632@test.com
633;Demen Pitts Dzhonatan;managers633@test.com
634;Demen Pitts Gordon;managers634@test.com
635;Demen Pitts Dzhordzh;managers635@test.com
636;Demen Pitts Maykl;managers636@test.com
637;Demen Pitts Dzhordzh;managers637@test.com
638;Demen Pitts Ronald;managers638@test.com
639;Demen Pitts Piter;managers639@test.com
640;Demen Fauler Saymon;managers640@test.com
641;Demen Fauler Mark;managers641@test.com
642;Demen Fauler Moris;managers642@test.com
643;Demen Fauler Dzhonatan;managers643@test.com
644;Demen Fauler Gordon;managers644@test.com
645;Demen Fauler Dzhordzh;managers645@test.com
646;Demen Fauler Maykl;managers646@test.com
647;Demen Fauler Dzhordzh;managers647@test.com
648;Demen Fauler Ronald;managers648@test.com
649;Demen Fauler Piter;managers649@test.com
650;Demen Grir Saymon;managers650@test.com
651;Demen Grir Mark;managers651@test.com
652;Demen Grir Moris;managers652@test.com
653;Demen Grir Dzhonatan;managers653@test.com
654;Demen Grir Gordon;managers654@test.com
655;Demen Grir Dzhordzh;managers655@test.com
656;Demen Grir Maykl;managers656@test.com
657;Demen Grir Dzhordzh;managers657@test.com
658;Demen Grir Ronald;managers658@test.com
659;Demen Grir Piter;managers659@test.com
660;Demen Byorns Saymon;managers660@test.com
661;Demen Byorns Mark;managers661@test.com
662;Demen Byorns Moris;managers662@test.com
663;Demen Byorns Dzhonatan;managers663@test.com
664;Demen Byorns Gordon;managers664@test.com
665;Demen Byorns Dzhordzh;managers665@test.com
666;Demen Byorns Maykl;managers666@test.com
667;Demen Byorns Dzhordzh;managers667@test.com
668;Demen Byorns Ronald;managers668@test.com
669;Demen Byorns Piter;managers669@test.com
670;Demen Beyts Saymon;managers670@test.com
671;Demen Beyts Mark;managers671@test.com
672;Demen Beyts Moris;managers672@test.com
673;Demen Beyts Dzhonatan;managers673@test.com
674;Demen Beyts Gordon;managers674@test.com
675;Demen Beyts Dzhordzh;managers675@test.com
676;Demen Beyts Maykl;managers676@test.com
677;Demen Beyts Dzhordzh;managers677@test.com
678;Demen Beyts Ronald;managers678@test.com
679;Demen Beyts Piter;managers679@test.com
680;Demen Barton Saymon;managers680@test.com
681;Demen Barton Mark;managers681@test.com
682;Demen Barton Moris;managers682@test.com
683;Demen Barton Dzhonatan;managers683@test.com
684;Demen Barton Gordon;managers684@test.com
685;Demen Barton Dzhordzh;managers685@test.com
686;Demen Barton Maykl;managers686@test.com
687;Demen Barton Dzhordzh;managers687@test.com
688;Demen Barton Ronald;managers688@test.com
689;Demen Barton Piter;managers689@test.com
690;Demen Lester Saymon;managers690@test.com
691;Demen Lester Mark;managers691@test.com
692;Demen Lester Moris;managers692@test.com
693;Demen Lester Dzhonatan;managers693@test.com
694;Demen Lester Gordon;managers694@test.com
695;Demen Lester Dzhordzh;managers695@test.com
696;Demen Lester Maykl;managers696@test.com
697;Demen Lester Dzhordzh;managers697@test.com
698;Demen Lester Ronald;managers698@test.com
699;Demen Lester Piter;managers699@test.com
700;Marvin Peyn Saymon;managers700@test.com
701;Marvin Peyn Mark;managers701@test.com
702;Marvin Peyn Moris;managers702@test.com
703;Marvin Peyn Dzhonatan;managers703@test.com
704;Marvin Peyn Gordon;managers704@test.com
705;Marvin Peyn Dzhordzh;managers705@test.com
706;Marvin Peyn Maykl;managers706@test.com
707;Marvin Peyn Dzhordzh;managers707@test.com
708;Marvin Peyn Ronald;managers708@test.com
709;Marvin Peyn Piter;managers709@test.com
710;Marvin Allen Saymon;managers710@test.com
711;Marvin Allen Mark;managers711@test.com
712;Marvin Allen Moris;managers712@test.com
713;Marvin Allen Dzhonatan;managers713@test.com
714;Marvin Allen Gordon;managers714@test.com
715;Marvin Allen Dzhordzh;managers715@test.com
716;Marvin Allen Maykl;managers716@test.com
717;Marvin Allen Dzhordzh;managers717@test.com
718;Marvin Allen Ronald;managers718@test.com
719;Marvin Allen Piter;managers719@test.com
720;Marvin Porter Saymon;managers720@test.com
721;Marvin Porter Mark;managers721@test.com
722;Marvin Porter Moris;managers722@test.com
723;Marvin Porter Dzhonatan;managers723@test.com
724;Marvin Porter Gordon;managers724@test.com
725;Marvin Porter Dzhordzh;managers725@test.com
726;Marvin Porter Maykl;managers726@test.com
727;Marvin Porter Dzhordzh;managers727@test.com
728;Marvin Porter Ronald;managers728@test.com
729;Marvin Porter Piter;managers729@test.com
730;Marvin Pitts Saymon;managers730@test.com
731;Marvin Pitts Mark;managers731@test.com
732;Marvin Pitts Moris;managers732@test.com
733;Marvin Pitts Dzhonatan;managers733@test.com
734;Marvin Pitts Gordon;managers734@test.com
735;Marvin Pitts Dzhordzh;managers735@test.com
736;Marvin Pitts Maykl;managers736@test.com
737;Marvin Pitts Dzhordzh;managers737@test.com
738;Marvin Pitts Ronald;managers738@test.com
739;Marvin Pitts Piter;managers739@test.com
740;Marvin Fauler Saymon;managers740@test.com
741;Marvin Fauler Mark;managers741@test.com
742;Marvin Fauler Moris;managers742@test.com
743;Marvin Fauler Dzhonatan;managers743@test.com
744;Marvin Fauler Gordon;managers744@test.com
745;Marvin Fauler Dzhordzh;managers745@test.com
746;Marvin Fauler Maykl;managers746@test.com
747;Marvin Fauler Dzhordzh;managers747@test.com
748;Marvin Fauler Ronald;managers748@test.com
749;Marvin Fauler Piter;managers749@test.com
750;Marvin Grir Saymon;managers750@test.com
751;Marvin Grir Mark;managers751@test.com
752;Marvin Grir Moris;managers752@test.com
753;Marvin Grir Dzhonatan;managers753@test.com
754;Marvin Grir Gordon;managers754@test.com
755;Marvin Grir Dzhordzh;managers755@test.com
756;Marvin Grir Maykl;managers756@test.com
757;Marvin Grir Dzhordzh;managers757@test.com
758;Marvin Grir Ronald;managers758@test.com
759;Marvin Grir Piter;managers759@test.com
760;Marvin Byorns Saymon;managers760@test.com
761;Marvin Byorns Mark;managers761@test.com
762;Marvin Byorns Moris;managers762@test.com
763;Marvin Byorns Dzhonatan;managers763@test.com
764;Marvin Byorns Gordon;managers764@test.com
765;Marvin Byorns Dzhordzh;managers765@test.com
766;Marvin Byorns Maykl;managers766@test.com
767;Marvin Byorns Dzhordzh;managers767@test.com
768;Marvin Byorns Ronald;managers768@test.com
769;Marvin Byorns Piter;managers769@test.com
770;Marvin Beyts Saymon;managers770@test.com
771;Marvin Beyts Mark;managers771@test.com
772;Marvin Beyts Moris;managers772@test.com
773;Marvin Beyts Dzhonatan;managers773@test.com
774;Marvin Beyts Gordon;managers774@test.com
775;Marvin Beyts Dzhordzh;managers775@test.com
776;Marvin Beyts Maykl;managers776@test.com
777;Marvin Beyts Dzhordzh;managers777@test.com
778;Marvin Beyts Ronald;managers778@test.com
779;Marvin Beyts Piter;managers779@test.com
780;Marvin Barton Saymon;managers780@test.com
781;Marvin Barton Mark;managers781@test.com
782;Marvin Barton Moris;managers782@test.com
783;Marvin Barton Dzhonatan;managers783@test.com
784;Marvin Barton Gordon;managers784@test.com
785;Marvin Barton Dzhordzh;managers785@test.com
786;Marvin Barton Maykl;managers786@test.com
787;Marvin Barton Dzhordzh;managers787@test.com
788;Marvin Barton Ronald;managers788@test.com
789;Marvin Barton Piter;managers789@test.com
790;Marvin Lester Saymon;managers790@test.com
791;Marvin Lester Mark;managers791@test.com
792;Marvin Lester Moris;managers792@test.com
793;Marvin Lester Dzhonatan;managers793@test.com
794;Marvin Lester Gordon;managers794@test.com
795;Marvin Lester Dzhordzh;managers795@test.com
796;Marvin Lester Maykl;managers796@test.com
797;Marvin Lester Dzhordzh;managers797@test.com
798;Marvin Lester Ronald;managers798@test.com
799;Marvin Lester Piter;managers799@test.com
800;Alan Peyn Saymon;managers800@test.com
801;Alan Peyn Mark;managers801@test.com
802;Alan Peyn Moris;managers802@test.com
803;Alan Peyn Dzhonatan;managers803@test.com
804;Alan Peyn Gordon;managers804@test.com
805;Alan Peyn Dzhordzh;managers805@test.com
806;Alan Peyn Maykl;managers806@test.com
807;Alan Peyn Dzhordzh;managers807@test.com
808;Alan Peyn Ronald;managers808@test.com
809;Alan Peyn Piter;managers809@test.com
810;Alan Allen Saymon;managers810@test.com
811;Alan Allen Mark;managers811@test.com
812;Alan Allen Moris;managers812@test.com
813;Alan Allen Dzhonatan;managers813@test.com
814;Alan Allen Gordon;managers814@test.com
815;Alan Allen Dzhordzh;managers815@test.com
816;Alan Allen Maykl;managers816@test.com
817;Alan Allen Dzhordzh;managers817@test.com
818;Alan Allen Ronald;managers818@test.com
819;Alan Allen Piter;managers819@test.com
820;Alan Porter Saymon;managers820@test.com
821;Alan Porter Mark;managers821@test.com
822;Alan Porter Moris;managers822@test.com
823;Alan Porter Dzhonatan;managers823@test.com
824;Alan Porter Gordon;managers824@test.com
825;Alan Porter Dzhordzh;managers825@test.com
826;Alan Porter Maykl;managers826@test.com
827;Alan Porter Dzhordzh;managers827@test.com
828;Alan Porter Ronald;managers828@test.com
829;Alan Porter Piter;managers829@test.com
830;Alan Pitts Saymon;managers830@test.com
831;Alan Pitts Mark;managers831@test.com
832;Alan Pitts Moris;managers832@test.com
833;Alan Pitts Dzhonatan;managers833@test.com
834;Alan Pitts Gordon;managers834@test.com
835;Alan Pitts Dzhordzh;managers835@test.com
836;Alan Pitts Maykl;managers836@test.com
837;Alan Pitts Dzhordzh;managers837@test.com
838;Alan Pitts Ronald;managers838@test.com
839;Alan Pitts Piter;managers839@test.com
840;Alan Fauler Saymon;managers840@test.com
841;Alan Fauler Mark;managers841@test.com
842;Alan Fauler Moris;managers842@test.com
843;Alan Fauler Dzhonatan;managers843@test.com
844;Alan Fauler Gordon;managers844@test.com
845;Alan Fauler Dzhordzh;managers845@test.com
846;Alan Fauler Maykl;managers846@test.com
847;Alan Fauler Dzhordzh;managers847@test.com
848;Alan Fauler Ronald;managers848@test.com
849;Alan Fauler Piter;managers849@test.com
850;Alan Grir Saymon;managers850@test.com
851;Alan Grir Mark;managers851@test.com
852;Alan Grir Moris;managers852@test.com
853;Alan Grir Dzhonatan;managers853@test.com
854;Alan Grir Gordon;managers854@test.com
855;Alan Grir Dzhordzh;managers855@test.com
856;Alan Grir Maykl;managers856@test.com
857;Alan Grir Dzhordzh;managers857@test.com
858;Alan Grir Ronald;managers858@test.com
859;Alan Grir Piter;managers859@test.com
860;Alan Byorns Saymon;managers860@test.com
861;Alan Byorns Mark;managers861@test.com
862;Alan Byorns Moris;managers862@test.com
863;Alan Byorns Dzhonatan;managers863@test.com
864;Alan Byorns Gordon;managers864@test.com
865;Alan Byorns Dzhordzh;managers865@test.com
866;Alan Byorns Maykl;managers866@test.com
867;Alan Byorns Dzhordzh;managers867@test.com
868;Alan Byorns Ronald;managers868@test.com
869;Alan Byorns Piter;managers869@test.com
870;Alan Beyts Saymon;managers870@test.com
871;Alan Beyts Mark;managers871@test.com
872;Alan Beyts Moris;managers872@test.com
873;Alan Beyts Dzhonatan;managers873@test.com
874;Alan Beyts Gordon;managers874@test.com
875;Alan Beyts Dzhordzh;managers875@test.com
876;Alan Beyts Maykl;managers876@test.com
877;Alan Beyts Dzhordzh;managers877@test.com
878;Alan Beyts Ronald;managers878@test.com
879;Alan Beyts Piter;managers879@test.com
880;Alan Barton Saymon;managers880@test.com
881;Alan Barton Mark;managers881@test.com
882;Alan Barton Moris;managers882@test.com
883;Alan Barton Dzhonatan;managers883@test.com
884;Alan Barton Gordon;managers884@test.com
885;Alan Barton Dzhordzh;managers885@test.com
886;Alan Barton Maykl;managers886@test.com
887;Alan Barton Dzhordzh;managers887@test.com
888;Alan Barton Ronald;managers888@test.com
889;Alan Barton Piter;managers889@test.com
890;Alan Lester Saymon;managers890@test.com
891;Alan Lester Mark;managers891@test.com
892;Alan Lester Moris;managers892@test.com
893;Alan Lester Dzhonatan;managers893@test.com
894;Alan Lester Gordon;managers894@test.com
895;Alan Lester Dzhordzh;managers895@test.com
896;Alan Lester Maykl;managers896@test.com
897;Alan Lester Dzhordzh;managers897@test.com
898;Alan Lester Ronald;managers898@test.com
899;Alan Lester Piter;managers899@test.com
900;Frensis Peyn Saymon;managers900@test.com
901;Frensis Peyn Mark;managers901@test.com
902;Frensis Peyn Moris;managers902@test.com
903;Frensis Peyn Dzhonatan;managers903@test.com
904;Frensis Peyn Gordon;managers904@test.com
905;Frensis Peyn Dzhordzh;managers905@test.com
906;Frensis Peyn Maykl;managers906@test.com
907;Frensis Peyn Dzhordzh;managers907@test.com
908;Frensis Peyn Ronald;managers908@test.com
909;Frensis Peyn Piter;managers909@test.com
910;Frensis Allen Saymon;managers910@test.com
911;Frensis Allen Mark;managers911@test.com
912;Frensis Allen Moris;managers912@test.com
913;Frensis Allen Dzhonatan;managers913@test.com
914;Frensis Allen Gordon;managers914@test.com
915;Frensis Allen Dzhordzh;managers915@test.com
916;Frensis Allen Maykl;managers916@test.com
917;Frensis Allen Dzhordzh;managers917@test.com
918;Frensis Allen Ronald;managers918@test.com
919;Frensis Allen Piter;managers919@test.com
920;Frensis Porter Saymon;managers920@test.com
921;Frensis Porter Mark;managers921@test.com
922;Frensis Porter Moris;managers922@test.com
923;Frensis Porter Dzhonatan;managers923@test.com
924;Frensis Porter Gordon;managers924@test.com
925;Frensis Porter Dzhordzh;managers925@test.com
926;Frensis Porter Maykl;managers926@test.com
927;Frensis Porter Dzhordzh;managers927@test.com
928;Frensis Porter Ronald;managers928@test.com
929;Frensis Porter Piter;managers929@test.com
930;Frensis Pitts Saymon;managers930@test.com
931;Frensis Pitts Mark;managers931@test.com
932;Frensis Pitts Moris;managers932@test.com
933;Frensis Pitts Dzhonatan;managers933@test.com
934;Frensis Pitts Gordon;managers934@test.com
935;Frensis Pitts Dzhordzh;managers935@test.com
936;Frensis Pitts Maykl;managers936@test.com
937;Frensis Pitts Dzhordzh;managers937@test.com
938;Frensis Pitts Ronald;managers938@test.com
939;Frensis Pitts Piter;managers939@test.com
940;Frensis Fauler Saymon;managers940@test.com
941;Frensis Fauler Mark;managers941@test.com
942;Frensis Fauler Moris;managers942@test.com
943;Frensis Fauler Dzhonatan;managers943@test.com
944;Frensis Fauler Gordon;managers944@test.com
945;Frensis Fauler Dzhordzh;managers945@test.com
946;Frensis Fauler Maykl;managers946@test.com
947;Frensis Fauler Dzhordzh;managers947@test.com
948;Frensis Fauler Ronald;managers948@test.com
949;Frensis Fauler Piter;managers949@test.com
950;Frensis Grir Saymon;managers950@test.com
951;Frensis Grir Mark;managers951@test.com
952;Frensis Grir Moris;managers952@test.com
953;Frensis Grir Dzhonatan;managers953@test.com
954;Frensis Grir Gordon;managers954@test.com
955;Frensis Grir Dzhordzh;managers955@test.com
956;Frensis Grir Maykl;managers956@test.com
957;Frensis Grir Dzhordzh;managers957@test.com
958;Frensis Grir Ronald;managers958@test.com
959;Frensis Grir Piter;managers959@test.com
960;Frensis Byorns Saymon;managers960@test.com
961;Frensis Byorns Mark;managers961@test.com
962;Frensis Byorns Moris;managers962@test.com
963;Frensis Byorns Dzhonatan;managers963@test.com
964;Frensis Byorns Gordon;managers964@test.com
965;Frensis Byorns Dzhordzh;managers965@test.com
966;Frensis Byorns Maykl;managers966@test.com
967;Frensis Byorns Dzhordzh;managers967@test.com
968;Frensis Byorns Ronald;managers968@test.com
969;Frensis Byorns Piter;managers969@test.com
970;Frensis Beyts Saymon;managers970@test.com
971;Frensis Beyts Mark;managers971@test.com
972;Frensis Beyts Moris;managers972@test.com
973;Frensis Beyts Dzhonatan;managers973@test.com
974;Frensis Beyts Gordon;managers974@test.com
975;Frensis Beyts Dzhordzh;managers975@test.com
976;Frensis Beyts Maykl;managers976@test.com
977;Frensis Beyts Dzhordzh;managers977@test.com
978;Frensis Beyts Ronald;managers978@test.com
979;Frensis Beyts Piter;managers979@test.com
980;Frensis Barton Saymon;managers980@test.com
981;Frensis Barton Mark;managers981@test.com
982;Frensis Barton Moris;managers982@test.com
983;Frensis Barton Dzhonatan;managers983@test.com
984;Frensis Barton Gordon;managers984@test.com
985;Frensis Barton Dzhordzh;managers985@test.com
986;Frensis Barton Maykl;managers986@test.com
987;Frensis Barton Dzhordzh;managers987@test.com
988;Frensis Barton Ronald;managers988@test.com
989;Frensis Barton Piter;managers989@test.com
990;Frensis Lester Saymon;managers990@test.com
991;Frensis Lester Mark;managers991@test.com
992;Frensis Lester Moris;managers992@test.com
993;Frensis Lester Dzhonatan;managers993@test.com
994;Frensis Lester Gordon;managers994@test.com
995;Frensis Lester Dzhordzh;managers995@test.com
996;Frensis Lester Maykl;managers996@test.com
997;Frensis Lester Dzhordzh;managers997@test.com
998;Frensis Lester Ronald;managers998@test.com
999;Frensis Lester Piter;managers999@test.com
